Index,Name,FamilyKind,Implementation
1,"nAcid","descriptor","libpadeldescriptor.CDK_AcidicGroupCountDescriptor"
2,"ALogP","descriptor","libpadeldescriptor.CDK_ALOGPDescriptor"
3,"ALogp2","descriptor","libpadeldescriptor.CDK_ALOGPDescriptor"
4,"AMR","descriptor","libpadeldescriptor.CDK_ALOGPDescriptor"
5,"nA","descriptor","libpadeldescriptor.CDK_AminoAcidCountDescriptor"
6,"nR","descriptor","libpadeldescriptor.CDK_AminoAcidCountDescriptor"
7,"nN__CDK_AminoAcidCountDescriptor","descriptor","libpadeldescriptor.CDK_AminoAcidCountDescriptor"
8,"nD","descriptor","libpadeldescriptor.CDK_AminoAcidCountDescriptor"
9,"nC__CDK_AminoAcidCountDescriptor","descriptor","libpadeldescriptor.CDK_AminoAcidCountDescriptor"
10,"nF__CDK_AminoAcidCountDescriptor","descriptor","libpadeldescriptor.CDK_AminoAcidCountDescriptor"
11,"nQ","descriptor","libpadeldescriptor.CDK_AminoAcidCountDescriptor"
12,"nE","descriptor","libpadeldescriptor.CDK_AminoAcidCountDescriptor"
13,"nG","descriptor","libpadeldescriptor.CDK_AminoAcidCountDescriptor"
14,"nH__CDK_AminoAcidCountDescriptor","descriptor","libpadeldescriptor.CDK_AminoAcidCountDescriptor"
15,"nI__CDK_AminoAcidCountDescriptor","descriptor","libpadeldescriptor.CDK_AminoAcidCountDescriptor"
16,"nP__CDK_AminoAcidCountDescriptor","descriptor","libpadeldescriptor.CDK_AminoAcidCountDescriptor"
17,"nL","descriptor","libpadeldescriptor.CDK_AminoAcidCountDescriptor"
18,"nK","descriptor","libpadeldescriptor.CDK_AminoAcidCountDescriptor"
19,"nM","descriptor","libpadeldescriptor.CDK_AminoAcidCountDescriptor"
20,"nS__CDK_AminoAcidCountDescriptor","descriptor","libpadeldescriptor.CDK_AminoAcidCountDescriptor"
21,"nT","descriptor","libpadeldescriptor.CDK_AminoAcidCountDescriptor"
22,"nY","descriptor","libpadeldescriptor.CDK_AminoAcidCountDescriptor"
23,"nV","descriptor","libpadeldescriptor.CDK_AminoAcidCountDescriptor"
24,"nW","descriptor","libpadeldescriptor.CDK_AminoAcidCountDescriptor"
25,"apol","descriptor","libpadeldescriptor.CDK_APolDescriptor"
26,"naAromAtom","descriptor","libpadeldescriptor.CDK_AromaticAtomsCountDescriptor"
27,"nAromBond","descriptor","libpadeldescriptor.CDK_AromaticBondsCountDescriptor"
28,"nAtom","descriptor","libpadeldescriptor.CDK_AtomCountDescriptor"
29,"nHeavyAtom","descriptor","libpadeldescriptor.CDK_HeavyAtomCountDescriptor"
30,"nH__CDK_AtomCountDescriptor","descriptor","libpadeldescriptor.CDK_AtomCountDescriptor"
31,"nB","descriptor","libpadeldescriptor.CDK_AtomCountDescriptor"
32,"nC__CDK_AtomCountDescriptor","descriptor","libpadeldescriptor.CDK_AtomCountDescriptor"
33,"nN__CDK_AtomCountDescriptor","descriptor","libpadeldescriptor.CDK_AtomCountDescriptor"
34,"nO","descriptor","libpadeldescriptor.CDK_AtomCountDescriptor"
35,"nS__CDK_AtomCountDescriptor","descriptor","libpadeldescriptor.CDK_AtomCountDescriptor"
36,"nP__CDK_AtomCountDescriptor","descriptor","libpadeldescriptor.CDK_AtomCountDescriptor"
37,"nF__CDK_HalogenCountDescriptor","descriptor","libpadeldescriptor.CDK_HalogenCountDescriptor"
38,"nCl","descriptor","libpadeldescriptor.CDK_HalogenCountDescriptor"
39,"nBr","descriptor","libpadeldescriptor.CDK_HalogenCountDescriptor"
40,"nI__CDK_HalogenCountDescriptor","descriptor","libpadeldescriptor.CDK_HalogenCountDescriptor"
41,"nX","descriptor","libpadeldescriptor.CDK_HalogenCountDescriptor"
42,"ATS0m","descriptor","libpadeldescriptor.CDK_AutocorrelationDescriptor"
43,"ATS1m","descriptor","libpadeldescriptor.CDK_AutocorrelationDescriptor"
44,"ATS2m","descriptor","libpadeldescriptor.CDK_AutocorrelationDescriptor"
45,"ATS3m","descriptor","libpadeldescriptor.CDK_AutocorrelationDescriptor"
46,"ATS4m","descriptor","libpadeldescriptor.CDK_AutocorrelationDescriptor"
47,"ATS5m","descriptor","libpadeldescriptor.CDK_AutocorrelationDescriptor"
48,"ATS6m","descriptor","libpadeldescriptor.CDK_AutocorrelationDescriptor"
49,"ATS7m","descriptor","libpadeldescriptor.CDK_AutocorrelationDescriptor"
50,"ATS8m","descriptor","libpadeldescriptor.CDK_AutocorrelationDescriptor"
51,"ATS0v","descriptor","libpadeldescriptor.CDK_AutocorrelationDescriptor"
52,"ATS1v","descriptor","libpadeldescriptor.CDK_AutocorrelationDescriptor"
53,"ATS2v","descriptor","libpadeldescriptor.CDK_AutocorrelationDescriptor"
54,"ATS3v","descriptor","libpadeldescriptor.CDK_AutocorrelationDescriptor"
55,"ATS4v","descriptor","libpadeldescriptor.CDK_AutocorrelationDescriptor"
56,"ATS5v","descriptor","libpadeldescriptor.CDK_AutocorrelationDescriptor"
57,"ATS6v","descriptor","libpadeldescriptor.CDK_AutocorrelationDescriptor"
58,"ATS7v","descriptor","libpadeldescriptor.CDK_AutocorrelationDescriptor"
59,"ATS8v","descriptor","libpadeldescriptor.CDK_AutocorrelationDescriptor"
60,"ATS0e","descriptor","libpadeldescriptor.CDK_AutocorrelationDescriptor"
61,"ATS1e","descriptor","libpadeldescriptor.CDK_AutocorrelationDescriptor"
62,"ATS2e","descriptor","libpadeldescriptor.CDK_AutocorrelationDescriptor"
63,"ATS3e","descriptor","libpadeldescriptor.CDK_AutocorrelationDescriptor"
64,"ATS4e","descriptor","libpadeldescriptor.CDK_AutocorrelationDescriptor"
65,"ATS5e","descriptor","libpadeldescriptor.CDK_AutocorrelationDescriptor"
66,"ATS6e","descriptor","libpadeldescriptor.CDK_AutocorrelationDescriptor"
67,"ATS7e","descriptor","libpadeldescriptor.CDK_AutocorrelationDescriptor"
68,"ATS8e","descriptor","libpadeldescriptor.CDK_AutocorrelationDescriptor"
69,"ATS0p","descriptor","libpadeldescriptor.CDK_AutocorrelationDescriptor"
70,"ATS1p","descriptor","libpadeldescriptor.CDK_AutocorrelationDescriptor"
71,"ATS2p","descriptor","libpadeldescriptor.CDK_AutocorrelationDescriptor"
72,"ATS3p","descriptor","libpadeldescriptor.CDK_AutocorrelationDescriptor"
73,"ATS4p","descriptor","libpadeldescriptor.CDK_AutocorrelationDescriptor"
74,"ATS5p","descriptor","libpadeldescriptor.CDK_AutocorrelationDescriptor"
75,"ATS6p","descriptor","libpadeldescriptor.CDK_AutocorrelationDescriptor"
76,"ATS7p","descriptor","libpadeldescriptor.CDK_AutocorrelationDescriptor"
77,"ATS8p","descriptor","libpadeldescriptor.CDK_AutocorrelationDescriptor"
78,"ATS0i","descriptor","libpadeldescriptor.CDK_AutocorrelationDescriptor"
79,"ATS1i","descriptor","libpadeldescriptor.CDK_AutocorrelationDescriptor"
80,"ATS2i","descriptor","libpadeldescriptor.CDK_AutocorrelationDescriptor"
81,"ATS3i","descriptor","libpadeldescriptor.CDK_AutocorrelationDescriptor"
82,"ATS4i","descriptor","libpadeldescriptor.CDK_AutocorrelationDescriptor"
83,"ATS5i","descriptor","libpadeldescriptor.CDK_AutocorrelationDescriptor"
84,"ATS6i","descriptor","libpadeldescriptor.CDK_AutocorrelationDescriptor"
85,"ATS7i","descriptor","libpadeldescriptor.CDK_AutocorrelationDescriptor"
86,"ATS8i","descriptor","libpadeldescriptor.CDK_AutocorrelationDescriptor"
87,"ATS0s","descriptor","libpadeldescriptor.CDK_AutocorrelationDescriptor"
88,"ATS1s","descriptor","libpadeldescriptor.CDK_AutocorrelationDescriptor"
89,"ATS2s","descriptor","libpadeldescriptor.CDK_AutocorrelationDescriptor"
90,"ATS3s","descriptor","libpadeldescriptor.CDK_AutocorrelationDescriptor"
91,"ATS4s","descriptor","libpadeldescriptor.CDK_AutocorrelationDescriptor"
92,"ATS5s","descriptor","libpadeldescriptor.CDK_AutocorrelationDescriptor"
93,"ATS6s","descriptor","libpadeldescriptor.CDK_AutocorrelationDescriptor"
94,"ATS7s","descriptor","libpadeldescriptor.CDK_AutocorrelationDescriptor"
95,"ATS8s","descriptor","libpadeldescriptor.CDK_AutocorrelationDescriptor"
96,"AATS0m","descriptor","libpadeldescriptor.CDK_AutocorrelationDescriptor"
97,"AATS1m","descriptor","libpadeldescriptor.CDK_AutocorrelationDescriptor"
98,"AATS2m","descriptor","libpadeldescriptor.CDK_AutocorrelationDescriptor"
99,"AATS3m","descriptor","libpadeldescriptor.CDK_AutocorrelationDescriptor"
100,"AATS4m","descriptor","libpadeldescriptor.CDK_AutocorrelationDescriptor"
101,"AATS5m","descriptor","libpadeldescriptor.CDK_AutocorrelationDescriptor"
102,"AATS6m","descriptor","libpadeldescriptor.CDK_AutocorrelationDescriptor"
103,"AATS7m","descriptor","libpadeldescriptor.CDK_AutocorrelationDescriptor"
104,"AATS8m","descriptor","libpadeldescriptor.CDK_AutocorrelationDescriptor"
105,"AATS0v","descriptor","libpadeldescriptor.CDK_AutocorrelationDescriptor"
106,"AATS1v","descriptor","libpadeldescriptor.CDK_AutocorrelationDescriptor"
107,"AATS2v","descriptor","libpadeldescriptor.CDK_AutocorrelationDescriptor"
108,"AATS3v","descriptor","libpadeldescriptor.CDK_AutocorrelationDescriptor"
109,"AATS4v","descriptor","libpadeldescriptor.CDK_AutocorrelationDescriptor"
110,"AATS5v","descriptor","libpadeldescriptor.CDK_AutocorrelationDescriptor"
111,"AATS6v","descriptor","libpadeldescriptor.CDK_AutocorrelationDescriptor"
112,"AATS7v","descriptor","libpadeldescriptor.CDK_AutocorrelationDescriptor"
113,"AATS8v","descriptor","libpadeldescriptor.CDK_AutocorrelationDescriptor"
114,"AATS0e","descriptor","libpadeldescriptor.CDK_AutocorrelationDescriptor"
115,"AATS1e","descriptor","libpadeldescriptor.CDK_AutocorrelationDescriptor"
116,"AATS2e","descriptor","libpadeldescriptor.CDK_AutocorrelationDescriptor"
117,"AATS3e","descriptor","libpadeldescriptor.CDK_AutocorrelationDescriptor"
118,"AATS4e","descriptor","libpadeldescriptor.CDK_AutocorrelationDescriptor"
119,"AATS5e","descriptor","libpadeldescriptor.CDK_AutocorrelationDescriptor"
120,"AATS6e","descriptor","libpadeldescriptor.CDK_AutocorrelationDescriptor"
121,"AATS7e","descriptor","libpadeldescriptor.CDK_AutocorrelationDescriptor"
122,"AATS8e","descriptor","libpadeldescriptor.CDK_AutocorrelationDescriptor"
123,"AATS0p","descriptor","libpadeldescriptor.CDK_AutocorrelationDescriptor"
124,"AATS1p","descriptor","libpadeldescriptor.CDK_AutocorrelationDescriptor"
125,"AATS2p","descriptor","libpadeldescriptor.CDK_AutocorrelationDescriptor"
126,"AATS3p","descriptor","libpadeldescriptor.CDK_AutocorrelationDescriptor"
127,"AATS4p","descriptor","libpadeldescriptor.CDK_AutocorrelationDescriptor"
128,"AATS5p","descriptor","libpadeldescriptor.CDK_AutocorrelationDescriptor"
129,"AATS6p","descriptor","libpadeldescriptor.CDK_AutocorrelationDescriptor"
130,"AATS7p","descriptor","libpadeldescriptor.CDK_AutocorrelationDescriptor"
131,"AATS8p","descriptor","libpadeldescriptor.CDK_AutocorrelationDescriptor"
132,"AATS0i","descriptor","libpadeldescriptor.CDK_AutocorrelationDescriptor"
133,"AATS1i","descriptor","libpadeldescriptor.CDK_AutocorrelationDescriptor"
134,"AATS2i","descriptor","libpadeldescriptor.CDK_AutocorrelationDescriptor"
135,"AATS3i","descriptor","libpadeldescriptor.CDK_AutocorrelationDescriptor"
136,"AATS4i","descriptor","libpadeldescriptor.CDK_AutocorrelationDescriptor"
137,"AATS5i","descriptor","libpadeldescriptor.CDK_AutocorrelationDescriptor"
138,"AATS6i","descriptor","libpadeldescriptor.CDK_AutocorrelationDescriptor"
139,"AATS7i","descriptor","libpadeldescriptor.CDK_AutocorrelationDescriptor"
140,"AATS8i","descriptor","libpadeldescriptor.CDK_AutocorrelationDescriptor"
141,"AATS0s","descriptor","libpadeldescriptor.CDK_AutocorrelationDescriptor"
142,"AATS1s","descriptor","libpadeldescriptor.CDK_AutocorrelationDescriptor"
143,"AATS2s","descriptor","libpadeldescriptor.CDK_AutocorrelationDescriptor"
144,"AATS3s","descriptor","libpadeldescriptor.CDK_AutocorrelationDescriptor"
145,"AATS4s","descriptor","libpadeldescriptor.CDK_AutocorrelationDescriptor"
146,"AATS5s","descriptor","libpadeldescriptor.CDK_AutocorrelationDescriptor"
147,"AATS6s","descriptor","libpadeldescriptor.CDK_AutocorrelationDescriptor"
148,"AATS7s","descriptor","libpadeldescriptor.CDK_AutocorrelationDescriptor"
149,"AATS8s","descriptor","libpadeldescriptor.CDK_AutocorrelationDescriptor"
150,"ATSC0c","descriptor","libpadeldescriptor.CDK_AutocorrelationDescriptor"
151,"ATSC1c","descriptor","libpadeldescriptor.CDK_AutocorrelationDescriptor"
152,"ATSC2c","descriptor","libpadeldescriptor.CDK_AutocorrelationDescriptor"
153,"ATSC3c","descriptor","libpadeldescriptor.CDK_AutocorrelationDescriptor"
154,"ATSC4c","descriptor","libpadeldescriptor.CDK_AutocorrelationDescriptor"
155,"ATSC5c","descriptor","libpadeldescriptor.CDK_AutocorrelationDescriptor"
156,"ATSC6c","descriptor","libpadeldescriptor.CDK_AutocorrelationDescriptor"
157,"ATSC7c","descriptor","libpadeldescriptor.CDK_AutocorrelationDescriptor"
158,"ATSC8c","descriptor","libpadeldescriptor.CDK_AutocorrelationDescriptor"
159,"ATSC0m","descriptor","libpadeldescriptor.CDK_AutocorrelationDescriptor"
160,"ATSC1m","descriptor","libpadeldescriptor.CDK_AutocorrelationDescriptor"
161,"ATSC2m","descriptor","libpadeldescriptor.CDK_AutocorrelationDescriptor"
162,"ATSC3m","descriptor","libpadeldescriptor.CDK_AutocorrelationDescriptor"
163,"ATSC4m","descriptor","libpadeldescriptor.CDK_AutocorrelationDescriptor"
164,"ATSC5m","descriptor","libpadeldescriptor.CDK_AutocorrelationDescriptor"
165,"ATSC6m","descriptor","libpadeldescriptor.CDK_AutocorrelationDescriptor"
166,"ATSC7m","descriptor","libpadeldescriptor.CDK_AutocorrelationDescriptor"
167,"ATSC8m","descriptor","libpadeldescriptor.CDK_AutocorrelationDescriptor"
168,"ATSC0v","descriptor","libpadeldescriptor.CDK_AutocorrelationDescriptor"
169,"ATSC1v","descriptor","libpadeldescriptor.CDK_AutocorrelationDescriptor"
170,"ATSC2v","descriptor","libpadeldescriptor.CDK_AutocorrelationDescriptor"
171,"ATSC3v","descriptor","libpadeldescriptor.CDK_AutocorrelationDescriptor"
172,"ATSC4v","descriptor","libpadeldescriptor.CDK_AutocorrelationDescriptor"
173,"ATSC5v","descriptor","libpadeldescriptor.CDK_AutocorrelationDescriptor"
174,"ATSC6v","descriptor","libpadeldescriptor.CDK_AutocorrelationDescriptor"
175,"ATSC7v","descriptor","libpadeldescriptor.CDK_AutocorrelationDescriptor"
176,"ATSC8v","descriptor","libpadeldescriptor.CDK_AutocorrelationDescriptor"
177,"ATSC0e","descriptor","libpadeldescriptor.CDK_AutocorrelationDescriptor"
178,"ATSC1e","descriptor","libpadeldescriptor.CDK_AutocorrelationDescriptor"
179,"ATSC2e","descriptor","libpadeldescriptor.CDK_AutocorrelationDescriptor"
180,"ATSC3e","descriptor","libpadeldescriptor.CDK_AutocorrelationDescriptor"
181,"ATSC4e","descriptor","libpadeldescriptor.CDK_AutocorrelationDescriptor"
182,"ATSC5e","descriptor","libpadeldescriptor.CDK_AutocorrelationDescriptor"
183,"ATSC6e","descriptor","libpadeldescriptor.CDK_AutocorrelationDescriptor"
184,"ATSC7e","descriptor","libpadeldescriptor.CDK_AutocorrelationDescriptor"
185,"ATSC8e","descriptor","libpadeldescriptor.CDK_AutocorrelationDescriptor"
186,"ATSC0p","descriptor","libpadeldescriptor.CDK_AutocorrelationDescriptor"
187,"ATSC1p","descriptor","libpadeldescriptor.CDK_AutocorrelationDescriptor"
188,"ATSC2p","descriptor","libpadeldescriptor.CDK_AutocorrelationDescriptor"
189,"ATSC3p","descriptor","libpadeldescriptor.CDK_AutocorrelationDescriptor"
190,"ATSC4p","descriptor","libpadeldescriptor.CDK_AutocorrelationDescriptor"
191,"ATSC5p","descriptor","libpadeldescriptor.CDK_AutocorrelationDescriptor"
192,"ATSC6p","descriptor","libpadeldescriptor.CDK_AutocorrelationDescriptor"
193,"ATSC7p","descriptor","libpadeldescriptor.CDK_AutocorrelationDescriptor"
194,"ATSC8p","descriptor","libpadeldescriptor.CDK_AutocorrelationDescriptor"
195,"ATSC0i","descriptor","libpadeldescriptor.CDK_AutocorrelationDescriptor"
196,"ATSC1i","descriptor","libpadeldescriptor.CDK_AutocorrelationDescriptor"
197,"ATSC2i","descriptor","libpadeldescriptor.CDK_AutocorrelationDescriptor"
198,"ATSC3i","descriptor","libpadeldescriptor.CDK_AutocorrelationDescriptor"
199,"ATSC4i","descriptor","libpadeldescriptor.CDK_AutocorrelationDescriptor"
200,"ATSC5i","descriptor","libpadeldescriptor.CDK_AutocorrelationDescriptor"
201,"ATSC6i","descriptor","libpadeldescriptor.CDK_AutocorrelationDescriptor"
202,"ATSC7i","descriptor","libpadeldescriptor.CDK_AutocorrelationDescriptor"
203,"ATSC8i","descriptor","libpadeldescriptor.CDK_AutocorrelationDescriptor"
204,"ATSC0s","descriptor","libpadeldescriptor.CDK_AutocorrelationDescriptor"
205,"ATSC1s","descriptor","libpadeldescriptor.CDK_AutocorrelationDescriptor"
206,"ATSC2s","descriptor","libpadeldescriptor.CDK_AutocorrelationDescriptor"
207,"ATSC3s","descriptor","libpadeldescriptor.CDK_AutocorrelationDescriptor"
208,"ATSC4s","descriptor","libpadeldescriptor.CDK_AutocorrelationDescriptor"
209,"ATSC5s","descriptor","libpadeldescriptor.CDK_AutocorrelationDescriptor"
210,"ATSC6s","descriptor","libpadeldescriptor.CDK_AutocorrelationDescriptor"
211,"ATSC7s","descriptor","libpadeldescriptor.CDK_AutocorrelationDescriptor"
212,"ATSC8s","descriptor","libpadeldescriptor.CDK_AutocorrelationDescriptor"
213,"AATSC0c","descriptor","libpadeldescriptor.CDK_AutocorrelationDescriptor"
214,"AATSC1c","descriptor","libpadeldescriptor.CDK_AutocorrelationDescriptor"
215,"AATSC2c","descriptor","libpadeldescriptor.CDK_AutocorrelationDescriptor"
216,"AATSC3c","descriptor","libpadeldescriptor.CDK_AutocorrelationDescriptor"
217,"AATSC4c","descriptor","libpadeldescriptor.CDK_AutocorrelationDescriptor"
218,"AATSC5c","descriptor","libpadeldescriptor.CDK_AutocorrelationDescriptor"
219,"AATSC6c","descriptor","libpadeldescriptor.CDK_AutocorrelationDescriptor"
220,"AATSC7c","descriptor","libpadeldescriptor.CDK_AutocorrelationDescriptor"
221,"AATSC8c","descriptor","libpadeldescriptor.CDK_AutocorrelationDescriptor"
222,"AATSC0m","descriptor","libpadeldescriptor.CDK_AutocorrelationDescriptor"
223,"AATSC1m","descriptor","libpadeldescriptor.CDK_AutocorrelationDescriptor"
224,"AATSC2m","descriptor","libpadeldescriptor.CDK_AutocorrelationDescriptor"
225,"AATSC3m","descriptor","libpadeldescriptor.CDK_AutocorrelationDescriptor"
226,"AATSC4m","descriptor","libpadeldescriptor.CDK_AutocorrelationDescriptor"
227,"AATSC5m","descriptor","libpadeldescriptor.CDK_AutocorrelationDescriptor"
228,"AATSC6m","descriptor","libpadeldescriptor.CDK_AutocorrelationDescriptor"
229,"AATSC7m","descriptor","libpadeldescriptor.CDK_AutocorrelationDescriptor"
230,"AATSC8m","descriptor","libpadeldescriptor.CDK_AutocorrelationDescriptor"
231,"AATSC0v","descriptor","libpadeldescriptor.CDK_AutocorrelationDescriptor"
232,"AATSC1v","descriptor","libpadeldescriptor.CDK_AutocorrelationDescriptor"
233,"AATSC2v","descriptor","libpadeldescriptor.CDK_AutocorrelationDescriptor"
234,"AATSC3v","descriptor","libpadeldescriptor.CDK_AutocorrelationDescriptor"
235,"AATSC4v","descriptor","libpadeldescriptor.CDK_AutocorrelationDescriptor"
236,"AATSC5v","descriptor","libpadeldescriptor.CDK_AutocorrelationDescriptor"
237,"AATSC6v","descriptor","libpadeldescriptor.CDK_AutocorrelationDescriptor"
238,"AATSC7v","descriptor","libpadeldescriptor.CDK_AutocorrelationDescriptor"
239,"AATSC8v","descriptor","libpadeldescriptor.CDK_AutocorrelationDescriptor"
240,"AATSC0e","descriptor","libpadeldescriptor.CDK_AutocorrelationDescriptor"
241,"AATSC1e","descriptor","libpadeldescriptor.CDK_AutocorrelationDescriptor"
242,"AATSC2e","descriptor","libpadeldescriptor.CDK_AutocorrelationDescriptor"
243,"AATSC3e","descriptor","libpadeldescriptor.CDK_AutocorrelationDescriptor"
244,"AATSC4e","descriptor","libpadeldescriptor.CDK_AutocorrelationDescriptor"
245,"AATSC5e","descriptor","libpadeldescriptor.CDK_AutocorrelationDescriptor"
246,"AATSC6e","descriptor","libpadeldescriptor.CDK_AutocorrelationDescriptor"
247,"AATSC7e","descriptor","libpadeldescriptor.CDK_AutocorrelationDescriptor"
248,"AATSC8e","descriptor","libpadeldescriptor.CDK_AutocorrelationDescriptor"
249,"AATSC0p","descriptor","libpadeldescriptor.CDK_AutocorrelationDescriptor"
250,"AATSC1p","descriptor","libpadeldescriptor.CDK_AutocorrelationDescriptor"
251,"AATSC2p","descriptor","libpadeldescriptor.CDK_AutocorrelationDescriptor"
252,"AATSC3p","descriptor","libpadeldescriptor.CDK_AutocorrelationDescriptor"
253,"AATSC4p","descriptor","libpadeldescriptor.CDK_AutocorrelationDescriptor"
254,"AATSC5p","descriptor","libpadeldescriptor.CDK_AutocorrelationDescriptor"
255,"AATSC6p","descriptor","libpadeldescriptor.CDK_AutocorrelationDescriptor"
256,"AATSC7p","descriptor","libpadeldescriptor.CDK_AutocorrelationDescriptor"
257,"AATSC8p","descriptor","libpadeldescriptor.CDK_AutocorrelationDescriptor"
258,"AATSC0i","descriptor","libpadeldescriptor.CDK_AutocorrelationDescriptor"
259,"AATSC1i","descriptor","libpadeldescriptor.CDK_AutocorrelationDescriptor"
260,"AATSC2i","descriptor","libpadeldescriptor.CDK_AutocorrelationDescriptor"
261,"AATSC3i","descriptor","libpadeldescriptor.CDK_AutocorrelationDescriptor"
262,"AATSC4i","descriptor","libpadeldescriptor.CDK_AutocorrelationDescriptor"
263,"AATSC5i","descriptor","libpadeldescriptor.CDK_AutocorrelationDescriptor"
264,"AATSC6i","descriptor","libpadeldescriptor.CDK_AutocorrelationDescriptor"
265,"AATSC7i","descriptor","libpadeldescriptor.CDK_AutocorrelationDescriptor"
266,"AATSC8i","descriptor","libpadeldescriptor.CDK_AutocorrelationDescriptor"
267,"AATSC0s","descriptor","libpadeldescriptor.CDK_AutocorrelationDescriptor"
268,"AATSC1s","descriptor","libpadeldescriptor.CDK_AutocorrelationDescriptor"
269,"AATSC2s","descriptor","libpadeldescriptor.CDK_AutocorrelationDescriptor"
270,"AATSC3s","descriptor","libpadeldescriptor.CDK_AutocorrelationDescriptor"
271,"AATSC4s","descriptor","libpadeldescriptor.CDK_AutocorrelationDescriptor"
272,"AATSC5s","descriptor","libpadeldescriptor.CDK_AutocorrelationDescriptor"
273,"AATSC6s","descriptor","libpadeldescriptor.CDK_AutocorrelationDescriptor"
274,"AATSC7s","descriptor","libpadeldescriptor.CDK_AutocorrelationDescriptor"
275,"AATSC8s","descriptor","libpadeldescriptor.CDK_AutocorrelationDescriptor"
276,"MATS1c","descriptor","libpadeldescriptor.CDK_AutocorrelationDescriptor"
277,"MATS2c","descriptor","libpadeldescriptor.CDK_AutocorrelationDescriptor"
278,"MATS3c","descriptor","libpadeldescriptor.CDK_AutocorrelationDescriptor"
279,"MATS4c","descriptor","libpadeldescriptor.CDK_AutocorrelationDescriptor"
280,"MATS5c","descriptor","libpadeldescriptor.CDK_AutocorrelationDescriptor"
281,"MATS6c","descriptor","libpadeldescriptor.CDK_AutocorrelationDescriptor"
282,"MATS7c","descriptor","libpadeldescriptor.CDK_AutocorrelationDescriptor"
283,"MATS8c","descriptor","libpadeldescriptor.CDK_AutocorrelationDescriptor"
284,"MATS1m","descriptor","libpadeldescriptor.CDK_AutocorrelationDescriptor"
285,"MATS2m","descriptor","libpadeldescriptor.CDK_AutocorrelationDescriptor"
286,"MATS3m","descriptor","libpadeldescriptor.CDK_AutocorrelationDescriptor"
287,"MATS4m","descriptor","libpadeldescriptor.CDK_AutocorrelationDescriptor"
288,"MATS5m","descriptor","libpadeldescriptor.CDK_AutocorrelationDescriptor"
289,"MATS6m","descriptor","libpadeldescriptor.CDK_AutocorrelationDescriptor"
290,"MATS7m","descriptor","libpadeldescriptor.CDK_AutocorrelationDescriptor"
291,"MATS8m","descriptor","libpadeldescriptor.CDK_AutocorrelationDescriptor"
292,"MATS1v","descriptor","libpadeldescriptor.CDK_AutocorrelationDescriptor"
293,"MATS2v","descriptor","libpadeldescriptor.CDK_AutocorrelationDescriptor"
294,"MATS3v","descriptor","libpadeldescriptor.CDK_AutocorrelationDescriptor"
295,"MATS4v","descriptor","libpadeldescriptor.CDK_AutocorrelationDescriptor"
296,"MATS5v","descriptor","libpadeldescriptor.CDK_AutocorrelationDescriptor"
297,"MATS6v","descriptor","libpadeldescriptor.CDK_AutocorrelationDescriptor"
298,"MATS7v","descriptor","libpadeldescriptor.CDK_AutocorrelationDescriptor"
299,"MATS8v","descriptor","libpadeldescriptor.CDK_AutocorrelationDescriptor"
300,"MATS1e","descriptor","libpadeldescriptor.CDK_AutocorrelationDescriptor"
301,"MATS2e","descriptor","libpadeldescriptor.CDK_AutocorrelationDescriptor"
302,"MATS3e","descriptor","libpadeldescriptor.CDK_AutocorrelationDescriptor"
303,"MATS4e","descriptor","libpadeldescriptor.CDK_AutocorrelationDescriptor"
304,"MATS5e","descriptor","libpadeldescriptor.CDK_AutocorrelationDescriptor"
305,"MATS6e","descriptor","libpadeldescriptor.CDK_AutocorrelationDescriptor"
306,"MATS7e","descriptor","libpadeldescriptor.CDK_AutocorrelationDescriptor"
307,"MATS8e","descriptor","libpadeldescriptor.CDK_AutocorrelationDescriptor"
308,"MATS1p","descriptor","libpadeldescriptor.CDK_AutocorrelationDescriptor"
309,"MATS2p","descriptor","libpadeldescriptor.CDK_AutocorrelationDescriptor"
310,"MATS3p","descriptor","libpadeldescriptor.CDK_AutocorrelationDescriptor"
311,"MATS4p","descriptor","libpadeldescriptor.CDK_AutocorrelationDescriptor"
312,"MATS5p","descriptor","libpadeldescriptor.CDK_AutocorrelationDescriptor"
313,"MATS6p","descriptor","libpadeldescriptor.CDK_AutocorrelationDescriptor"
314,"MATS7p","descriptor","libpadeldescriptor.CDK_AutocorrelationDescriptor"
315,"MATS8p","descriptor","libpadeldescriptor.CDK_AutocorrelationDescriptor"
316,"MATS1i","descriptor","libpadeldescriptor.CDK_AutocorrelationDescriptor"
317,"MATS2i","descriptor","libpadeldescriptor.CDK_AutocorrelationDescriptor"
318,"MATS3i","descriptor","libpadeldescriptor.CDK_AutocorrelationDescriptor"
319,"MATS4i","descriptor","libpadeldescriptor.CDK_AutocorrelationDescriptor"
320,"MATS5i","descriptor","libpadeldescriptor.CDK_AutocorrelationDescriptor"
321,"MATS6i","descriptor","libpadeldescriptor.CDK_AutocorrelationDescriptor"
322,"MATS7i","descriptor","libpadeldescriptor.CDK_AutocorrelationDescriptor"
323,"MATS8i","descriptor","libpadeldescriptor.CDK_AutocorrelationDescriptor"
324,"MATS1s","descriptor","libpadeldescriptor.CDK_AutocorrelationDescriptor"
325,"MATS2s","descriptor","libpadeldescriptor.CDK_AutocorrelationDescriptor"
326,"MATS3s","descriptor","libpadeldescriptor.CDK_AutocorrelationDescriptor"
327,"MATS4s","descriptor","libpadeldescriptor.CDK_AutocorrelationDescriptor"
328,"MATS5s","descriptor","libpadeldescriptor.CDK_AutocorrelationDescriptor"
329,"MATS6s","descriptor","libpadeldescriptor.CDK_AutocorrelationDescriptor"
330,"MATS7s","descriptor","libpadeldescriptor.CDK_AutocorrelationDescriptor"
331,"MATS8s","descriptor","libpadeldescriptor.CDK_AutocorrelationDescriptor"
332,"GATS1c","descriptor","libpadeldescriptor.CDK_AutocorrelationDescriptor"
333,"GATS2c","descriptor","libpadeldescriptor.CDK_AutocorrelationDescriptor"
334,"GATS3c","descriptor","libpadeldescriptor.CDK_AutocorrelationDescriptor"
335,"GATS4c","descriptor","libpadeldescriptor.CDK_AutocorrelationDescriptor"
336,"GATS5c","descriptor","libpadeldescriptor.CDK_AutocorrelationDescriptor"
337,"GATS6c","descriptor","libpadeldescriptor.CDK_AutocorrelationDescriptor"
338,"GATS7c","descriptor","libpadeldescriptor.CDK_AutocorrelationDescriptor"
339,"GATS8c","descriptor","libpadeldescriptor.CDK_AutocorrelationDescriptor"
340,"GATS1m","descriptor","libpadeldescriptor.CDK_AutocorrelationDescriptor"
341,"GATS2m","descriptor","libpadeldescriptor.CDK_AutocorrelationDescriptor"
342,"GATS3m","descriptor","libpadeldescriptor.CDK_AutocorrelationDescriptor"
343,"GATS4m","descriptor","libpadeldescriptor.CDK_AutocorrelationDescriptor"
344,"GATS5m","descriptor","libpadeldescriptor.CDK_AutocorrelationDescriptor"
345,"GATS6m","descriptor","libpadeldescriptor.CDK_AutocorrelationDescriptor"
346,"GATS7m","descriptor","libpadeldescriptor.CDK_AutocorrelationDescriptor"
347,"GATS8m","descriptor","libpadeldescriptor.CDK_AutocorrelationDescriptor"
348,"GATS1v","descriptor","libpadeldescriptor.CDK_AutocorrelationDescriptor"
349,"GATS2v","descriptor","libpadeldescriptor.CDK_AutocorrelationDescriptor"
350,"GATS3v","descriptor","libpadeldescriptor.CDK_AutocorrelationDescriptor"
351,"GATS4v","descriptor","libpadeldescriptor.CDK_AutocorrelationDescriptor"
352,"GATS5v","descriptor","libpadeldescriptor.CDK_AutocorrelationDescriptor"
353,"GATS6v","descriptor","libpadeldescriptor.CDK_AutocorrelationDescriptor"
354,"GATS7v","descriptor","libpadeldescriptor.CDK_AutocorrelationDescriptor"
355,"GATS8v","descriptor","libpadeldescriptor.CDK_AutocorrelationDescriptor"
356,"GATS1e","descriptor","libpadeldescriptor.CDK_AutocorrelationDescriptor"
357,"GATS2e","descriptor","libpadeldescriptor.CDK_AutocorrelationDescriptor"
358,"GATS3e","descriptor","libpadeldescriptor.CDK_AutocorrelationDescriptor"
359,"GATS4e","descriptor","libpadeldescriptor.CDK_AutocorrelationDescriptor"
360,"GATS5e","descriptor","libpadeldescriptor.CDK_AutocorrelationDescriptor"
361,"GATS6e","descriptor","libpadeldescriptor.CDK_AutocorrelationDescriptor"
362,"GATS7e","descriptor","libpadeldescriptor.CDK_AutocorrelationDescriptor"
363,"GATS8e","descriptor","libpadeldescriptor.CDK_AutocorrelationDescriptor"
364,"GATS1p","descriptor","libpadeldescriptor.CDK_AutocorrelationDescriptor"
365,"GATS2p","descriptor","libpadeldescriptor.CDK_AutocorrelationDescriptor"
366,"GATS3p","descriptor","libpadeldescriptor.CDK_AutocorrelationDescriptor"
367,"GATS4p","descriptor","libpadeldescriptor.CDK_AutocorrelationDescriptor"
368,"GATS5p","descriptor","libpadeldescriptor.CDK_AutocorrelationDescriptor"
369,"GATS6p","descriptor","libpadeldescriptor.CDK_AutocorrelationDescriptor"
370,"GATS7p","descriptor","libpadeldescriptor.CDK_AutocorrelationDescriptor"
371,"GATS8p","descriptor","libpadeldescriptor.CDK_AutocorrelationDescriptor"
372,"GATS1i","descriptor","libpadeldescriptor.CDK_AutocorrelationDescriptor"
373,"GATS2i","descriptor","libpadeldescriptor.CDK_AutocorrelationDescriptor"
374,"GATS3i","descriptor","libpadeldescriptor.CDK_AutocorrelationDescriptor"
375,"GATS4i","descriptor","libpadeldescriptor.CDK_AutocorrelationDescriptor"
376,"GATS5i","descriptor","libpadeldescriptor.CDK_AutocorrelationDescriptor"
377,"GATS6i","descriptor","libpadeldescriptor.CDK_AutocorrelationDescriptor"
378,"GATS7i","descriptor","libpadeldescriptor.CDK_AutocorrelationDescriptor"
379,"GATS8i","descriptor","libpadeldescriptor.CDK_AutocorrelationDescriptor"
380,"GATS1s","descriptor","libpadeldescriptor.CDK_AutocorrelationDescriptor"
381,"GATS2s","descriptor","libpadeldescriptor.CDK_AutocorrelationDescriptor"
382,"GATS3s","descriptor","libpadeldescriptor.CDK_AutocorrelationDescriptor"
383,"GATS4s","descriptor","libpadeldescriptor.CDK_AutocorrelationDescriptor"
384,"GATS5s","descriptor","libpadeldescriptor.CDK_AutocorrelationDescriptor"
385,"GATS6s","descriptor","libpadeldescriptor.CDK_AutocorrelationDescriptor"
386,"GATS7s","descriptor","libpadeldescriptor.CDK_AutocorrelationDescriptor"
387,"GATS8s","descriptor","libpadeldescriptor.CDK_AutocorrelationDescriptor"
388,"SpAbs_DzZ","descriptor","libpadeldescriptor.CDK_BaryszMatrixDescriptor"
389,"SpMax_DzZ","descriptor","libpadeldescriptor.CDK_BaryszMatrixDescriptor"
390,"SpDiam_DzZ","descriptor","libpadeldescriptor.CDK_BaryszMatrixDescriptor"
391,"SpAD_DzZ","descriptor","libpadeldescriptor.CDK_BaryszMatrixDescriptor"
392,"SpMAD_DzZ","descriptor","libpadeldescriptor.CDK_BaryszMatrixDescriptor"
393,"EE_DzZ","descriptor","libpadeldescriptor.CDK_BaryszMatrixDescriptor"
394,"SM1_DzZ","descriptor","libpadeldescriptor.CDK_BaryszMatrixDescriptor"
395,"VE1_DzZ","descriptor","libpadeldescriptor.CDK_BaryszMatrixDescriptor"
396,"VE2_DzZ","descriptor","libpadeldescriptor.CDK_BaryszMatrixDescriptor"
397,"VE3_DzZ","descriptor","libpadeldescriptor.CDK_BaryszMatrixDescriptor"
398,"VR1_DzZ","descriptor","libpadeldescriptor.CDK_BaryszMatrixDescriptor"
399,"VR2_DzZ","descriptor","libpadeldescriptor.CDK_BaryszMatrixDescriptor"
400,"VR3_DzZ","descriptor","libpadeldescriptor.CDK_BaryszMatrixDescriptor"
401,"SpAbs_Dzm","descriptor","libpadeldescriptor.CDK_BaryszMatrixDescriptor"
402,"SpMax_Dzm","descriptor","libpadeldescriptor.CDK_BaryszMatrixDescriptor"
403,"SpDiam_Dzm","descriptor","libpadeldescriptor.CDK_BaryszMatrixDescriptor"
404,"SpAD_Dzm","descriptor","libpadeldescriptor.CDK_BaryszMatrixDescriptor"
405,"SpMAD_Dzm","descriptor","libpadeldescriptor.CDK_BaryszMatrixDescriptor"
406,"EE_Dzm","descriptor","libpadeldescriptor.CDK_BaryszMatrixDescriptor"
407,"SM1_Dzm","descriptor","libpadeldescriptor.CDK_BaryszMatrixDescriptor"
408,"VE1_Dzm","descriptor","libpadeldescriptor.CDK_BaryszMatrixDescriptor"
409,"VE2_Dzm","descriptor","libpadeldescriptor.CDK_BaryszMatrixDescriptor"
410,"VE3_Dzm","descriptor","libpadeldescriptor.CDK_BaryszMatrixDescriptor"
411,"VR1_Dzm","descriptor","libpadeldescriptor.CDK_BaryszMatrixDescriptor"
412,"VR2_Dzm","descriptor","libpadeldescriptor.CDK_BaryszMatrixDescriptor"
413,"VR3_Dzm","descriptor","libpadeldescriptor.CDK_BaryszMatrixDescriptor"
414,"SpAbs_Dzv","descriptor","libpadeldescriptor.CDK_BaryszMatrixDescriptor"
415,"SpMax_Dzv","descriptor","libpadeldescriptor.CDK_BaryszMatrixDescriptor"
416,"SpDiam_Dzv","descriptor","libpadeldescriptor.CDK_BaryszMatrixDescriptor"
417,"SpAD_Dzv","descriptor","libpadeldescriptor.CDK_BaryszMatrixDescriptor"
418,"SpMAD_Dzv","descriptor","libpadeldescriptor.CDK_BaryszMatrixDescriptor"
419,"EE_Dzv","descriptor","libpadeldescriptor.CDK_BaryszMatrixDescriptor"
420,"SM1_Dzv","descriptor","libpadeldescriptor.CDK_BaryszMatrixDescriptor"
421,"VE1_Dzv","descriptor","libpadeldescriptor.CDK_BaryszMatrixDescriptor"
422,"VE2_Dzv","descriptor","libpadeldescriptor.CDK_BaryszMatrixDescriptor"
423,"VE3_Dzv","descriptor","libpadeldescriptor.CDK_BaryszMatrixDescriptor"
424,"VR1_Dzv","descriptor","libpadeldescriptor.CDK_BaryszMatrixDescriptor"
425,"VR2_Dzv","descriptor","libpadeldescriptor.CDK_BaryszMatrixDescriptor"
426,"VR3_Dzv","descriptor","libpadeldescriptor.CDK_BaryszMatrixDescriptor"
427,"SpAbs_Dze","descriptor","libpadeldescriptor.CDK_BaryszMatrixDescriptor"
428,"SpMax_Dze","descriptor","libpadeldescriptor.CDK_BaryszMatrixDescriptor"
429,"SpDiam_Dze","descriptor","libpadeldescriptor.CDK_BaryszMatrixDescriptor"
430,"SpAD_Dze","descriptor","libpadeldescriptor.CDK_BaryszMatrixDescriptor"
431,"SpMAD_Dze","descriptor","libpadeldescriptor.CDK_BaryszMatrixDescriptor"
432,"EE_Dze","descriptor","libpadeldescriptor.CDK_BaryszMatrixDescriptor"
433,"SM1_Dze","descriptor","libpadeldescriptor.CDK_BaryszMatrixDescriptor"
434,"VE1_Dze","descriptor","libpadeldescriptor.CDK_BaryszMatrixDescriptor"
435,"VE2_Dze","descriptor","libpadeldescriptor.CDK_BaryszMatrixDescriptor"
436,"VE3_Dze","descriptor","libpadeldescriptor.CDK_BaryszMatrixDescriptor"
437,"VR1_Dze","descriptor","libpadeldescriptor.CDK_BaryszMatrixDescriptor"
438,"VR2_Dze","descriptor","libpadeldescriptor.CDK_BaryszMatrixDescriptor"
439,"VR3_Dze","descriptor","libpadeldescriptor.CDK_BaryszMatrixDescriptor"
440,"SpAbs_Dzp","descriptor","libpadeldescriptor.CDK_BaryszMatrixDescriptor"
441,"SpMax_Dzp","descriptor","libpadeldescriptor.CDK_BaryszMatrixDescriptor"
442,"SpDiam_Dzp","descriptor","libpadeldescriptor.CDK_BaryszMatrixDescriptor"
443,"SpAD_Dzp","descriptor","libpadeldescriptor.CDK_BaryszMatrixDescriptor"
444,"SpMAD_Dzp","descriptor","libpadeldescriptor.CDK_BaryszMatrixDescriptor"
445,"EE_Dzp","descriptor","libpadeldescriptor.CDK_BaryszMatrixDescriptor"
446,"SM1_Dzp","descriptor","libpadeldescriptor.CDK_BaryszMatrixDescriptor"
447,"VE1_Dzp","descriptor","libpadeldescriptor.CDK_BaryszMatrixDescriptor"
448,"VE2_Dzp","descriptor","libpadeldescriptor.CDK_BaryszMatrixDescriptor"
449,"VE3_Dzp","descriptor","libpadeldescriptor.CDK_BaryszMatrixDescriptor"
450,"VR1_Dzp","descriptor","libpadeldescriptor.CDK_BaryszMatrixDescriptor"
451,"VR2_Dzp","descriptor","libpadeldescriptor.CDK_BaryszMatrixDescriptor"
452,"VR3_Dzp","descriptor","libpadeldescriptor.CDK_BaryszMatrixDescriptor"
453,"SpAbs_Dzi","descriptor","libpadeldescriptor.CDK_BaryszMatrixDescriptor"
454,"SpMax_Dzi","descriptor","libpadeldescriptor.CDK_BaryszMatrixDescriptor"
455,"SpDiam_Dzi","descriptor","libpadeldescriptor.CDK_BaryszMatrixDescriptor"
456,"SpAD_Dzi","descriptor","libpadeldescriptor.CDK_BaryszMatrixDescriptor"
457,"SpMAD_Dzi","descriptor","libpadeldescriptor.CDK_BaryszMatrixDescriptor"
458,"EE_Dzi","descriptor","libpadeldescriptor.CDK_BaryszMatrixDescriptor"
459,"SM1_Dzi","descriptor","libpadeldescriptor.CDK_BaryszMatrixDescriptor"
460,"VE1_Dzi","descriptor","libpadeldescriptor.CDK_BaryszMatrixDescriptor"
461,"VE2_Dzi","descriptor","libpadeldescriptor.CDK_BaryszMatrixDescriptor"
462,"VE3_Dzi","descriptor","libpadeldescriptor.CDK_BaryszMatrixDescriptor"
463,"VR1_Dzi","descriptor","libpadeldescriptor.CDK_BaryszMatrixDescriptor"
464,"VR2_Dzi","descriptor","libpadeldescriptor.CDK_BaryszMatrixDescriptor"
465,"VR3_Dzi","descriptor","libpadeldescriptor.CDK_BaryszMatrixDescriptor"
466,"SpAbs_Dzs","descriptor","libpadeldescriptor.CDK_BaryszMatrixDescriptor"
467,"SpMax_Dzs","descriptor","libpadeldescriptor.CDK_BaryszMatrixDescriptor"
468,"SpDiam_Dzs","descriptor","libpadeldescriptor.CDK_BaryszMatrixDescriptor"
469,"SpAD_Dzs","descriptor","libpadeldescriptor.CDK_BaryszMatrixDescriptor"
470,"SpMAD_Dzs","descriptor","libpadeldescriptor.CDK_BaryszMatrixDescriptor"
471,"EE_Dzs","descriptor","libpadeldescriptor.CDK_BaryszMatrixDescriptor"
472,"SM1_Dzs","descriptor","libpadeldescriptor.CDK_BaryszMatrixDescriptor"
473,"VE1_Dzs","descriptor","libpadeldescriptor.CDK_BaryszMatrixDescriptor"
474,"VE2_Dzs","descriptor","libpadeldescriptor.CDK_BaryszMatrixDescriptor"
475,"VE3_Dzs","descriptor","libpadeldescriptor.CDK_BaryszMatrixDescriptor"
476,"VR1_Dzs","descriptor","libpadeldescriptor.CDK_BaryszMatrixDescriptor"
477,"VR2_Dzs","descriptor","libpadeldescriptor.CDK_BaryszMatrixDescriptor"
478,"VR3_Dzs","descriptor","libpadeldescriptor.CDK_BaryszMatrixDescriptor"
479,"nBase","descriptor","libpadeldescriptor.CDK_BasicGroupCountDescriptor"
480,"BCUTw-1l","descriptor","libpadeldescriptor.CDK_BCUTDescriptor"
481,"BCUTw-1h","descriptor","libpadeldescriptor.CDK_BCUTDescriptor"
482,"BCUTc-1l","descriptor","libpadeldescriptor.CDK_BCUTDescriptor"
483,"BCUTc-1h","descriptor","libpadeldescriptor.CDK_BCUTDescriptor"
484,"BCUTp-1l","descriptor","libpadeldescriptor.CDK_BCUTDescriptor"
485,"BCUTp-1h","descriptor","libpadeldescriptor.CDK_BCUTDescriptor"
486,"nBonds","descriptor","libpadeldescriptor.CDK_BondCountDescriptor"
487,"nBonds2","descriptor","libpadeldescriptor.CDK_BondCountDescriptor"
488,"nBondsS","descriptor","libpadeldescriptor.CDK_BondCountDescriptor"
489,"nBondsS2","descriptor","libpadeldescriptor.CDK_BondCountDescriptor"
490,"nBondsS3","descriptor","libpadeldescriptor.CDK_BondCountDescriptor"
491,"nBondsD","descriptor","libpadeldescriptor.CDK_BondCountDescriptor"
492,"nBondsD2","descriptor","libpadeldescriptor.CDK_BondCountDescriptor"
493,"nBondsT","descriptor","libpadeldescriptor.CDK_BondCountDescriptor"
494,"nBondsQ","descriptor","libpadeldescriptor.CDK_BondCountDescriptor"
495,"nBondsM","descriptor","libpadeldescriptor.CDK_BondCountDescriptor"
496,"bpol","descriptor","libpadeldescriptor.CDK_BPolDescriptor"
497,"SpMax1_Bhm","descriptor","libpadeldescriptor.CDK_BurdenModifiedEigenvaluesDescriptor"
498,"SpMax2_Bhm","descriptor","libpadeldescriptor.CDK_BurdenModifiedEigenvaluesDescriptor"
499,"SpMax3_Bhm","descriptor","libpadeldescriptor.CDK_BurdenModifiedEigenvaluesDescriptor"
500,"SpMax4_Bhm","descriptor","libpadeldescriptor.CDK_BurdenModifiedEigenvaluesDescriptor"
501,"SpMax5_Bhm","descriptor","libpadeldescriptor.CDK_BurdenModifiedEigenvaluesDescriptor"
502,"SpMax6_Bhm","descriptor","libpadeldescriptor.CDK_BurdenModifiedEigenvaluesDescriptor"
503,"SpMax7_Bhm","descriptor","libpadeldescriptor.CDK_BurdenModifiedEigenvaluesDescriptor"
504,"SpMax8_Bhm","descriptor","libpadeldescriptor.CDK_BurdenModifiedEigenvaluesDescriptor"
505,"SpMin1_Bhm","descriptor","libpadeldescriptor.CDK_BurdenModifiedEigenvaluesDescriptor"
506,"SpMin2_Bhm","descriptor","libpadeldescriptor.CDK_BurdenModifiedEigenvaluesDescriptor"
507,"SpMin3_Bhm","descriptor","libpadeldescriptor.CDK_BurdenModifiedEigenvaluesDescriptor"
508,"SpMin4_Bhm","descriptor","libpadeldescriptor.CDK_BurdenModifiedEigenvaluesDescriptor"
509,"SpMin5_Bhm","descriptor","libpadeldescriptor.CDK_BurdenModifiedEigenvaluesDescriptor"
510,"SpMin6_Bhm","descriptor","libpadeldescriptor.CDK_BurdenModifiedEigenvaluesDescriptor"
511,"SpMin7_Bhm","descriptor","libpadeldescriptor.CDK_BurdenModifiedEigenvaluesDescriptor"
512,"SpMin8_Bhm","descriptor","libpadeldescriptor.CDK_BurdenModifiedEigenvaluesDescriptor"
513,"SpMax1_Bhv","descriptor","libpadeldescriptor.CDK_BurdenModifiedEigenvaluesDescriptor"
514,"SpMax2_Bhv","descriptor","libpadeldescriptor.CDK_BurdenModifiedEigenvaluesDescriptor"
515,"SpMax3_Bhv","descriptor","libpadeldescriptor.CDK_BurdenModifiedEigenvaluesDescriptor"
516,"SpMax4_Bhv","descriptor","libpadeldescriptor.CDK_BurdenModifiedEigenvaluesDescriptor"
517,"SpMax5_Bhv","descriptor","libpadeldescriptor.CDK_BurdenModifiedEigenvaluesDescriptor"
518,"SpMax6_Bhv","descriptor","libpadeldescriptor.CDK_BurdenModifiedEigenvaluesDescriptor"
519,"SpMax7_Bhv","descriptor","libpadeldescriptor.CDK_BurdenModifiedEigenvaluesDescriptor"
520,"SpMax8_Bhv","descriptor","libpadeldescriptor.CDK_BurdenModifiedEigenvaluesDescriptor"
521,"SpMin1_Bhv","descriptor","libpadeldescriptor.CDK_BurdenModifiedEigenvaluesDescriptor"
522,"SpMin2_Bhv","descriptor","libpadeldescriptor.CDK_BurdenModifiedEigenvaluesDescriptor"
523,"SpMin3_Bhv","descriptor","libpadeldescriptor.CDK_BurdenModifiedEigenvaluesDescriptor"
524,"SpMin4_Bhv","descriptor","libpadeldescriptor.CDK_BurdenModifiedEigenvaluesDescriptor"
525,"SpMin5_Bhv","descriptor","libpadeldescriptor.CDK_BurdenModifiedEigenvaluesDescriptor"
526,"SpMin6_Bhv","descriptor","libpadeldescriptor.CDK_BurdenModifiedEigenvaluesDescriptor"
527,"SpMin7_Bhv","descriptor","libpadeldescriptor.CDK_BurdenModifiedEigenvaluesDescriptor"
528,"SpMin8_Bhv","descriptor","libpadeldescriptor.CDK_BurdenModifiedEigenvaluesDescriptor"
529,"SpMax1_Bhe","descriptor","libpadeldescriptor.CDK_BurdenModifiedEigenvaluesDescriptor"
530,"SpMax2_Bhe","descriptor","libpadeldescriptor.CDK_BurdenModifiedEigenvaluesDescriptor"
531,"SpMax3_Bhe","descriptor","libpadeldescriptor.CDK_BurdenModifiedEigenvaluesDescriptor"
532,"SpMax4_Bhe","descriptor","libpadeldescriptor.CDK_BurdenModifiedEigenvaluesDescriptor"
533,"SpMax5_Bhe","descriptor","libpadeldescriptor.CDK_BurdenModifiedEigenvaluesDescriptor"
534,"SpMax6_Bhe","descriptor","libpadeldescriptor.CDK_BurdenModifiedEigenvaluesDescriptor"
535,"SpMax7_Bhe","descriptor","libpadeldescriptor.CDK_BurdenModifiedEigenvaluesDescriptor"
536,"SpMax8_Bhe","descriptor","libpadeldescriptor.CDK_BurdenModifiedEigenvaluesDescriptor"
537,"SpMin1_Bhe","descriptor","libpadeldescriptor.CDK_BurdenModifiedEigenvaluesDescriptor"
538,"SpMin2_Bhe","descriptor","libpadeldescriptor.CDK_BurdenModifiedEigenvaluesDescriptor"
539,"SpMin3_Bhe","descriptor","libpadeldescriptor.CDK_BurdenModifiedEigenvaluesDescriptor"
540,"SpMin4_Bhe","descriptor","libpadeldescriptor.CDK_BurdenModifiedEigenvaluesDescriptor"
541,"SpMin5_Bhe","descriptor","libpadeldescriptor.CDK_BurdenModifiedEigenvaluesDescriptor"
542,"SpMin6_Bhe","descriptor","libpadeldescriptor.CDK_BurdenModifiedEigenvaluesDescriptor"
543,"SpMin7_Bhe","descriptor","libpadeldescriptor.CDK_BurdenModifiedEigenvaluesDescriptor"
544,"SpMin8_Bhe","descriptor","libpadeldescriptor.CDK_BurdenModifiedEigenvaluesDescriptor"
545,"SpMax1_Bhp","descriptor","libpadeldescriptor.CDK_BurdenModifiedEigenvaluesDescriptor"
546,"SpMax2_Bhp","descriptor","libpadeldescriptor.CDK_BurdenModifiedEigenvaluesDescriptor"
547,"SpMax3_Bhp","descriptor","libpadeldescriptor.CDK_BurdenModifiedEigenvaluesDescriptor"
548,"SpMax4_Bhp","descriptor","libpadeldescriptor.CDK_BurdenModifiedEigenvaluesDescriptor"
549,"SpMax5_Bhp","descriptor","libpadeldescriptor.CDK_BurdenModifiedEigenvaluesDescriptor"
550,"SpMax6_Bhp","descriptor","libpadeldescriptor.CDK_BurdenModifiedEigenvaluesDescriptor"
551,"SpMax7_Bhp","descriptor","libpadeldescriptor.CDK_BurdenModifiedEigenvaluesDescriptor"
552,"SpMax8_Bhp","descriptor","libpadeldescriptor.CDK_BurdenModifiedEigenvaluesDescriptor"
553,"SpMin1_Bhp","descriptor","libpadeldescriptor.CDK_BurdenModifiedEigenvaluesDescriptor"
554,"SpMin2_Bhp","descriptor","libpadeldescriptor.CDK_BurdenModifiedEigenvaluesDescriptor"
555,"SpMin3_Bhp","descriptor","libpadeldescriptor.CDK_BurdenModifiedEigenvaluesDescriptor"
556,"SpMin4_Bhp","descriptor","libpadeldescriptor.CDK_BurdenModifiedEigenvaluesDescriptor"
557,"SpMin5_Bhp","descriptor","libpadeldescriptor.CDK_BurdenModifiedEigenvaluesDescriptor"
558,"SpMin6_Bhp","descriptor","libpadeldescriptor.CDK_BurdenModifiedEigenvaluesDescriptor"
559,"SpMin7_Bhp","descriptor","libpadeldescriptor.CDK_BurdenModifiedEigenvaluesDescriptor"
560,"SpMin8_Bhp","descriptor","libpadeldescriptor.CDK_BurdenModifiedEigenvaluesDescriptor"
561,"SpMax1_Bhi","descriptor","libpadeldescriptor.CDK_BurdenModifiedEigenvaluesDescriptor"
562,"SpMax2_Bhi","descriptor","libpadeldescriptor.CDK_BurdenModifiedEigenvaluesDescriptor"
563,"SpMax3_Bhi","descriptor","libpadeldescriptor.CDK_BurdenModifiedEigenvaluesDescriptor"
564,"SpMax4_Bhi","descriptor","libpadeldescriptor.CDK_BurdenModifiedEigenvaluesDescriptor"
565,"SpMax5_Bhi","descriptor","libpadeldescriptor.CDK_BurdenModifiedEigenvaluesDescriptor"
566,"SpMax6_Bhi","descriptor","libpadeldescriptor.CDK_BurdenModifiedEigenvaluesDescriptor"
567,"SpMax7_Bhi","descriptor","libpadeldescriptor.CDK_BurdenModifiedEigenvaluesDescriptor"
568,"SpMax8_Bhi","descriptor","libpadeldescriptor.CDK_BurdenModifiedEigenvaluesDescriptor"
569,"SpMin1_Bhi","descriptor","libpadeldescriptor.CDK_BurdenModifiedEigenvaluesDescriptor"
570,"SpMin2_Bhi","descriptor","libpadeldescriptor.CDK_BurdenModifiedEigenvaluesDescriptor"
571,"SpMin3_Bhi","descriptor","libpadeldescriptor.CDK_BurdenModifiedEigenvaluesDescriptor"
572,"SpMin4_Bhi","descriptor","libpadeldescriptor.CDK_BurdenModifiedEigenvaluesDescriptor"
573,"SpMin5_Bhi","descriptor","libpadeldescriptor.CDK_BurdenModifiedEigenvaluesDescriptor"
574,"SpMin6_Bhi","descriptor","libpadeldescriptor.CDK_BurdenModifiedEigenvaluesDescriptor"
575,"SpMin7_Bhi","descriptor","libpadeldescriptor.CDK_BurdenModifiedEigenvaluesDescriptor"
576,"SpMin8_Bhi","descriptor","libpadeldescriptor.CDK_BurdenModifiedEigenvaluesDescriptor"
577,"SpMax1_Bhs","descriptor","libpadeldescriptor.CDK_BurdenModifiedEigenvaluesDescriptor"
578,"SpMax2_Bhs","descriptor","libpadeldescriptor.CDK_BurdenModifiedEigenvaluesDescriptor"
579,"SpMax3_Bhs","descriptor","libpadeldescriptor.CDK_BurdenModifiedEigenvaluesDescriptor"
580,"SpMax4_Bhs","descriptor","libpadeldescriptor.CDK_BurdenModifiedEigenvaluesDescriptor"
581,"SpMax5_Bhs","descriptor","libpadeldescriptor.CDK_BurdenModifiedEigenvaluesDescriptor"
582,"SpMax6_Bhs","descriptor","libpadeldescriptor.CDK_BurdenModifiedEigenvaluesDescriptor"
583,"SpMax7_Bhs","descriptor","libpadeldescriptor.CDK_BurdenModifiedEigenvaluesDescriptor"
584,"SpMax8_Bhs","descriptor","libpadeldescriptor.CDK_BurdenModifiedEigenvaluesDescriptor"
585,"SpMin1_Bhs","descriptor","libpadeldescriptor.CDK_BurdenModifiedEigenvaluesDescriptor"
586,"SpMin2_Bhs","descriptor","libpadeldescriptor.CDK_BurdenModifiedEigenvaluesDescriptor"
587,"SpMin3_Bhs","descriptor","libpadeldescriptor.CDK_BurdenModifiedEigenvaluesDescriptor"
588,"SpMin4_Bhs","descriptor","libpadeldescriptor.CDK_BurdenModifiedEigenvaluesDescriptor"
589,"SpMin5_Bhs","descriptor","libpadeldescriptor.CDK_BurdenModifiedEigenvaluesDescriptor"
590,"SpMin6_Bhs","descriptor","libpadeldescriptor.CDK_BurdenModifiedEigenvaluesDescriptor"
591,"SpMin7_Bhs","descriptor","libpadeldescriptor.CDK_BurdenModifiedEigenvaluesDescriptor"
592,"SpMin8_Bhs","descriptor","libpadeldescriptor.CDK_BurdenModifiedEigenvaluesDescriptor"
593,"C1SP1","descriptor","libpadeldescriptor.CDK_CarbonTypesDescriptor"
594,"C2SP1","descriptor","libpadeldescriptor.CDK_CarbonTypesDescriptor"
595,"C1SP2","descriptor","libpadeldescriptor.CDK_CarbonTypesDescriptor"
596,"C2SP2","descriptor","libpadeldescriptor.CDK_CarbonTypesDescriptor"
597,"C3SP2","descriptor","libpadeldescriptor.CDK_CarbonTypesDescriptor"
598,"C1SP3","descriptor","libpadeldescriptor.CDK_CarbonTypesDescriptor"
599,"C2SP3","descriptor","libpadeldescriptor.CDK_CarbonTypesDescriptor"
600,"C3SP3","descriptor","libpadeldescriptor.CDK_CarbonTypesDescriptor"
601,"C4SP3","descriptor","libpadeldescriptor.CDK_CarbonTypesDescriptor"
602,"SCH-3","descriptor","libpadeldescriptor.CDK_ChiChainDescriptor"
603,"SCH-4","descriptor","libpadeldescriptor.CDK_ChiChainDescriptor"
604,"SCH-5","descriptor","libpadeldescriptor.CDK_ChiChainDescriptor"
605,"SCH-6","descriptor","libpadeldescriptor.CDK_ChiChainDescriptor"
606,"SCH-7","descriptor","libpadeldescriptor.CDK_ChiChainDescriptor"
607,"VCH-3","descriptor","libpadeldescriptor.CDK_ChiChainDescriptor"
608,"VCH-4","descriptor","libpadeldescriptor.CDK_ChiChainDescriptor"
609,"VCH-5","descriptor","libpadeldescriptor.CDK_ChiChainDescriptor"
610,"VCH-6","descriptor","libpadeldescriptor.CDK_ChiChainDescriptor"
611,"VCH-7","descriptor","libpadeldescriptor.CDK_ChiChainDescriptor"
612,"SC-3","descriptor","libpadeldescriptor.CDK_ChiClusterDescriptor"
613,"SC-4","descriptor","libpadeldescriptor.CDK_ChiClusterDescriptor"
614,"SC-5","descriptor","libpadeldescriptor.CDK_ChiClusterDescriptor"
615,"SC-6","descriptor","libpadeldescriptor.CDK_ChiClusterDescriptor"
616,"VC-3","descriptor","libpadeldescriptor.CDK_ChiClusterDescriptor"
617,"VC-4","descriptor","libpadeldescriptor.CDK_ChiClusterDescriptor"
618,"VC-5","descriptor","libpadeldescriptor.CDK_ChiClusterDescriptor"
619,"VC-6","descriptor","libpadeldescriptor.CDK_ChiClusterDescriptor"
620,"SPC-4","descriptor","libpadeldescriptor.CDK_ChiPathClusterDescriptor"
621,"SPC-5","descriptor","libpadeldescriptor.CDK_ChiPathClusterDescriptor"
622,"SPC-6","descriptor","libpadeldescriptor.CDK_ChiPathClusterDescriptor"
623,"VPC-4","descriptor","libpadeldescriptor.CDK_ChiPathClusterDescriptor"
624,"VPC-5","descriptor","libpadeldescriptor.CDK_ChiPathClusterDescriptor"
625,"VPC-6","descriptor","libpadeldescriptor.CDK_ChiPathClusterDescriptor"
626,"SP-0","descriptor","libpadeldescriptor.CDK_ChiPathDescriptor"
627,"SP-1","descriptor","libpadeldescriptor.CDK_ChiPathDescriptor"
628,"SP-2","descriptor","libpadeldescriptor.CDK_ChiPathDescriptor"
629,"SP-3","descriptor","libpadeldescriptor.CDK_ChiPathDescriptor"
630,"SP-4","descriptor","libpadeldescriptor.CDK_ChiPathDescriptor"
631,"SP-5","descriptor","libpadeldescriptor.CDK_ChiPathDescriptor"
632,"SP-6","descriptor","libpadeldescriptor.CDK_ChiPathDescriptor"
633,"SP-7","descriptor","libpadeldescriptor.CDK_ChiPathDescriptor"
634,"ASP-0","descriptor","libpadeldescriptor.CDK_ChiPathDescriptor"
635,"ASP-1","descriptor","libpadeldescriptor.CDK_ChiPathDescriptor"
636,"ASP-2","descriptor","libpadeldescriptor.CDK_ChiPathDescriptor"
637,"ASP-3","descriptor","libpadeldescriptor.CDK_ChiPathDescriptor"
638,"ASP-4","descriptor","libpadeldescriptor.CDK_ChiPathDescriptor"
639,"ASP-5","descriptor","libpadeldescriptor.CDK_ChiPathDescriptor"
640,"ASP-6","descriptor","libpadeldescriptor.CDK_ChiPathDescriptor"
641,"ASP-7","descriptor","libpadeldescriptor.CDK_ChiPathDescriptor"
642,"VP-0","descriptor","libpadeldescriptor.CDK_ChiPathDescriptor"
643,"VP-1","descriptor","libpadeldescriptor.CDK_ChiPathDescriptor"
644,"VP-2","descriptor","libpadeldescriptor.CDK_ChiPathDescriptor"
645,"VP-3","descriptor","libpadeldescriptor.CDK_ChiPathDescriptor"
646,"VP-4","descriptor","libpadeldescriptor.CDK_ChiPathDescriptor"
647,"VP-5","descriptor","libpadeldescriptor.CDK_ChiPathDescriptor"
648,"VP-6","descriptor","libpadeldescriptor.CDK_ChiPathDescriptor"
649,"VP-7","descriptor","libpadeldescriptor.CDK_ChiPathDescriptor"
650,"AVP-0","descriptor","libpadeldescriptor.CDK_ChiPathDescriptor"
651,"AVP-1","descriptor","libpadeldescriptor.CDK_ChiPathDescriptor"
652,"AVP-2","descriptor","libpadeldescriptor.CDK_ChiPathDescriptor"
653,"AVP-3","descriptor","libpadeldescriptor.CDK_ChiPathDescriptor"
654,"AVP-4","descriptor","libpadeldescriptor.CDK_ChiPathDescriptor"
655,"AVP-5","descriptor","libpadeldescriptor.CDK_ChiPathDescriptor"
656,"AVP-6","descriptor","libpadeldescriptor.CDK_ChiPathDescriptor"
657,"AVP-7","descriptor","libpadeldescriptor.CDK_ChiPathDescriptor"
658,"Sv","descriptor","libpadeldescriptor.CDK_ConstitutionalDescriptor"
659,"Sse","descriptor","libpadeldescriptor.CDK_ConstitutionalDescriptor"
660,"Spe","descriptor","libpadeldescriptor.CDK_ConstitutionalDescriptor"
661,"Sare","descriptor","libpadeldescriptor.CDK_ConstitutionalDescriptor"
662,"Sp","descriptor","libpadeldescriptor.CDK_ConstitutionalDescriptor"
663,"Si","descriptor","libpadeldescriptor.CDK_ConstitutionalDescriptor"
664,"Mv","descriptor","libpadeldescriptor.CDK_ConstitutionalDescriptor"
665,"Mse","descriptor","libpadeldescriptor.CDK_ConstitutionalDescriptor"
666,"Mpe","descriptor","libpadeldescriptor.CDK_ConstitutionalDescriptor"
667,"Mare","descriptor","libpadeldescriptor.CDK_ConstitutionalDescriptor"
668,"Mp","descriptor","libpadeldescriptor.CDK_ConstitutionalDescriptor"
669,"Mi","descriptor","libpadeldescriptor.CDK_ConstitutionalDescriptor"
670,"CrippenLogP","descriptor","libpadeldescriptor.CDK_CrippenDescriptor"
671,"CrippenMR","descriptor","libpadeldescriptor.CDK_CrippenDescriptor"
672,"SpMax_Dt","descriptor","libpadeldescriptor.CDK_DetourMatrixDescriptor"
673,"SpDiam_Dt","descriptor","libpadeldescriptor.CDK_DetourMatrixDescriptor"
674,"SpAD_Dt","descriptor","libpadeldescriptor.CDK_DetourMatrixDescriptor"
675,"SpMAD_Dt","descriptor","libpadeldescriptor.CDK_DetourMatrixDescriptor"
676,"EE_Dt","descriptor","libpadeldescriptor.CDK_DetourMatrixDescriptor"
677,"VE1_Dt","descriptor","libpadeldescriptor.CDK_DetourMatrixDescriptor"
678,"VE2_Dt","descriptor","libpadeldescriptor.CDK_DetourMatrixDescriptor"
679,"VE3_Dt","descriptor","libpadeldescriptor.CDK_DetourMatrixDescriptor"
680,"VR1_Dt","descriptor","libpadeldescriptor.CDK_DetourMatrixDescriptor"
681,"VR2_Dt","descriptor","libpadeldescriptor.CDK_DetourMatrixDescriptor"
682,"VR3_Dt","descriptor","libpadeldescriptor.CDK_DetourMatrixDescriptor"
683,"ECCEN","descriptor","libpadeldescriptor.CDK_EccentricConnectivityIndexDescriptor"
684,"nHBd","descriptor","libpadeldescriptor.CDK_EStateAtomTypeDescriptor"
685,"nwHBd","descriptor","libpadeldescriptor.CDK_EStateAtomTypeDescriptor"
686,"nHBa","descriptor","libpadeldescriptor.CDK_EStateAtomTypeDescriptor"
687,"nwHBa","descriptor","libpadeldescriptor.CDK_EStateAtomTypeDescriptor"
688,"nHBint2","descriptor","libpadeldescriptor.CDK_EStateAtomTypeDescriptor"
689,"nHBint3","descriptor","libpadeldescriptor.CDK_EStateAtomTypeDescriptor"
690,"nHBint4","descriptor","libpadeldescriptor.CDK_EStateAtomTypeDescriptor"
691,"nHBint5","descriptor","libpadeldescriptor.CDK_EStateAtomTypeDescriptor"
692,"nHBint6","descriptor","libpadeldescriptor.CDK_EStateAtomTypeDescriptor"
693,"nHBint7","descriptor","libpadeldescriptor.CDK_EStateAtomTypeDescriptor"
694,"nHBint8","descriptor","libpadeldescriptor.CDK_EStateAtomTypeDescriptor"
695,"nHBint9","descriptor","libpadeldescriptor.CDK_EStateAtomTypeDescriptor"
696,"nHBint10","descriptor","libpadeldescriptor.CDK_EStateAtomTypeDescriptor"
697,"nHsOH","descriptor","libpadeldescriptor.CDK_EStateAtomTypeDescriptor"
698,"nHdNH","descriptor","libpadeldescriptor.CDK_EStateAtomTypeDescriptor"
699,"nHsSH","descriptor","libpadeldescriptor.CDK_EStateAtomTypeDescriptor"
700,"nHsNH2","descriptor","libpadeldescriptor.CDK_EStateAtomTypeDescriptor"
701,"nHssNH","descriptor","libpadeldescriptor.CDK_EStateAtomTypeDescriptor"
702,"nHaaNH","descriptor","libpadeldescriptor.CDK_EStateAtomTypeDescriptor"
703,"nHsNH3p","descriptor","libpadeldescriptor.CDK_EStateAtomTypeDescriptor"
704,"nHssNH2p","descriptor","libpadeldescriptor.CDK_EStateAtomTypeDescriptor"
705,"nHsssNHp","descriptor","libpadeldescriptor.CDK_EStateAtomTypeDescriptor"
706,"nHtCH","descriptor","libpadeldescriptor.CDK_EStateAtomTypeDescriptor"
707,"nHdCH2","descriptor","libpadeldescriptor.CDK_EStateAtomTypeDescriptor"
708,"nHdsCH","descriptor","libpadeldescriptor.CDK_EStateAtomTypeDescriptor"
709,"nHaaCH","descriptor","libpadeldescriptor.CDK_EStateAtomTypeDescriptor"
710,"nHCHnX","descriptor","libpadeldescriptor.CDK_EStateAtomTypeDescriptor"
711,"nHCsats","descriptor","libpadeldescriptor.CDK_EStateAtomTypeDescriptor"
712,"nHCsatu","descriptor","libpadeldescriptor.CDK_EStateAtomTypeDescriptor"
713,"nHAvin","descriptor","libpadeldescriptor.CDK_EStateAtomTypeDescriptor"
714,"nHother","descriptor","libpadeldescriptor.CDK_EStateAtomTypeDescriptor"
715,"nHmisc","descriptor","libpadeldescriptor.CDK_EStateAtomTypeDescriptor"
716,"nsLi","descriptor","libpadeldescriptor.CDK_EStateAtomTypeDescriptor"
717,"nssBe","descriptor","libpadeldescriptor.CDK_EStateAtomTypeDescriptor"
718,"nssssBem","descriptor","libpadeldescriptor.CDK_EStateAtomTypeDescriptor"
719,"nsBH2","descriptor","libpadeldescriptor.CDK_EStateAtomTypeDescriptor"
720,"nssBH","descriptor","libpadeldescriptor.CDK_EStateAtomTypeDescriptor"
721,"nsssB","descriptor","libpadeldescriptor.CDK_EStateAtomTypeDescriptor"
722,"nssssBm","descriptor","libpadeldescriptor.CDK_EStateAtomTypeDescriptor"
723,"nsCH3","descriptor","libpadeldescriptor.CDK_EStateAtomTypeDescriptor"
724,"ndCH2","descriptor","libpadeldescriptor.CDK_EStateAtomTypeDescriptor"
725,"nssCH2","descriptor","libpadeldescriptor.CDK_EStateAtomTypeDescriptor"
726,"ntCH","descriptor","libpadeldescriptor.CDK_EStateAtomTypeDescriptor"
727,"ndsCH","descriptor","libpadeldescriptor.CDK_EStateAtomTypeDescriptor"
728,"naaCH","descriptor","libpadeldescriptor.CDK_EStateAtomTypeDescriptor"
729,"nsssCH","descriptor","libpadeldescriptor.CDK_EStateAtomTypeDescriptor"
730,"nddC","descriptor","libpadeldescriptor.CDK_EStateAtomTypeDescriptor"
731,"ntsC","descriptor","libpadeldescriptor.CDK_EStateAtomTypeDescriptor"
732,"ndssC","descriptor","libpadeldescriptor.CDK_EStateAtomTypeDescriptor"
733,"naasC","descriptor","libpadeldescriptor.CDK_EStateAtomTypeDescriptor"
734,"naaaC","descriptor","libpadeldescriptor.CDK_EStateAtomTypeDescriptor"
735,"nssssC","descriptor","libpadeldescriptor.CDK_EStateAtomTypeDescriptor"
736,"nsNH3p","descriptor","libpadeldescriptor.CDK_EStateAtomTypeDescriptor"
737,"nsNH2","descriptor","libpadeldescriptor.CDK_EStateAtomTypeDescriptor"
738,"nssNH2p","descriptor","libpadeldescriptor.CDK_EStateAtomTypeDescriptor"
739,"ndNH","descriptor","libpadeldescriptor.CDK_EStateAtomTypeDescriptor"
740,"nssNH","descriptor","libpadeldescriptor.CDK_EStateAtomTypeDescriptor"
741,"naaNH","descriptor","libpadeldescriptor.CDK_EStateAtomTypeDescriptor"
742,"ntN","descriptor","libpadeldescriptor.CDK_EStateAtomTypeDescriptor"
743,"nsssNHp","descriptor","libpadeldescriptor.CDK_EStateAtomTypeDescriptor"
744,"ndsN","descriptor","libpadeldescriptor.CDK_EStateAtomTypeDescriptor"
745,"naaN","descriptor","libpadeldescriptor.CDK_EStateAtomTypeDescriptor"
746,"nsssN","descriptor","libpadeldescriptor.CDK_EStateAtomTypeDescriptor"
747,"nddsN","descriptor","libpadeldescriptor.CDK_EStateAtomTypeDescriptor"
748,"naasN","descriptor","libpadeldescriptor.CDK_EStateAtomTypeDescriptor"
749,"nssssNp","descriptor","libpadeldescriptor.CDK_EStateAtomTypeDescriptor"
750,"nsOH","descriptor","libpadeldescriptor.CDK_EStateAtomTypeDescriptor"
751,"ndO","descriptor","libpadeldescriptor.CDK_EStateAtomTypeDescriptor"
752,"nssO","descriptor","libpadeldescriptor.CDK_EStateAtomTypeDescriptor"
753,"naaO","descriptor","libpadeldescriptor.CDK_EStateAtomTypeDescriptor"
754,"naOm","descriptor","libpadeldescriptor.CDK_EStateAtomTypeDescriptor"
755,"nsOm","descriptor","libpadeldescriptor.CDK_EStateAtomTypeDescriptor"
756,"nsF","descriptor","libpadeldescriptor.CDK_EStateAtomTypeDescriptor"
757,"nsSiH3","descriptor","libpadeldescriptor.CDK_EStateAtomTypeDescriptor"
758,"nssSiH2","descriptor","libpadeldescriptor.CDK_EStateAtomTypeDescriptor"
759,"nsssSiH","descriptor","libpadeldescriptor.CDK_EStateAtomTypeDescriptor"
760,"nssssSi","descriptor","libpadeldescriptor.CDK_EStateAtomTypeDescriptor"
761,"nsPH2","descriptor","libpadeldescriptor.CDK_EStateAtomTypeDescriptor"
762,"nssPH","descriptor","libpadeldescriptor.CDK_EStateAtomTypeDescriptor"
763,"nsssP","descriptor","libpadeldescriptor.CDK_EStateAtomTypeDescriptor"
764,"ndsssP","descriptor","libpadeldescriptor.CDK_EStateAtomTypeDescriptor"
765,"nddsP","descriptor","libpadeldescriptor.CDK_EStateAtomTypeDescriptor"
766,"nsssssP","descriptor","libpadeldescriptor.CDK_EStateAtomTypeDescriptor"
767,"nsSH","descriptor","libpadeldescriptor.CDK_EStateAtomTypeDescriptor"
768,"ndS","descriptor","libpadeldescriptor.CDK_EStateAtomTypeDescriptor"
769,"nssS","descriptor","libpadeldescriptor.CDK_EStateAtomTypeDescriptor"
770,"naaS","descriptor","libpadeldescriptor.CDK_EStateAtomTypeDescriptor"
771,"ndssS","descriptor","libpadeldescriptor.CDK_EStateAtomTypeDescriptor"
772,"nddssS","descriptor","libpadeldescriptor.CDK_EStateAtomTypeDescriptor"
773,"nssssssS","descriptor","libpadeldescriptor.CDK_EStateAtomTypeDescriptor"
774,"nSm","descriptor","libpadeldescriptor.CDK_EStateAtomTypeDescriptor"
775,"nsCl","descriptor","libpadeldescriptor.CDK_EStateAtomTypeDescriptor"
776,"nsGeH3","descriptor","libpadeldescriptor.CDK_EStateAtomTypeDescriptor"
777,"nssGeH2","descriptor","libpadeldescriptor.CDK_EStateAtomTypeDescriptor"
778,"nsssGeH","descriptor","libpadeldescriptor.CDK_EStateAtomTypeDescriptor"
779,"nssssGe","descriptor","libpadeldescriptor.CDK_EStateAtomTypeDescriptor"
780,"nsAsH2","descriptor","libpadeldescriptor.CDK_EStateAtomTypeDescriptor"
781,"nssAsH","descriptor","libpadeldescriptor.CDK_EStateAtomTypeDescriptor"
782,"nsssAs","descriptor","libpadeldescriptor.CDK_EStateAtomTypeDescriptor"
783,"ndsssAs","descriptor","libpadeldescriptor.CDK_EStateAtomTypeDescriptor"
784,"nddsAs","descriptor","libpadeldescriptor.CDK_EStateAtomTypeDescriptor"
785,"nsssssAs","descriptor","libpadeldescriptor.CDK_EStateAtomTypeDescriptor"
786,"nsSeH","descriptor","libpadeldescriptor.CDK_EStateAtomTypeDescriptor"
787,"ndSe","descriptor","libpadeldescriptor.CDK_EStateAtomTypeDescriptor"
788,"nssSe","descriptor","libpadeldescriptor.CDK_EStateAtomTypeDescriptor"
789,"naaSe","descriptor","libpadeldescriptor.CDK_EStateAtomTypeDescriptor"
790,"ndssSe","descriptor","libpadeldescriptor.CDK_EStateAtomTypeDescriptor"
791,"nssssssSe","descriptor","libpadeldescriptor.CDK_EStateAtomTypeDescriptor"
792,"nddssSe","descriptor","libpadeldescriptor.CDK_EStateAtomTypeDescriptor"
793,"nsBr","descriptor","libpadeldescriptor.CDK_EStateAtomTypeDescriptor"
794,"nsSnH3","descriptor","libpadeldescriptor.CDK_EStateAtomTypeDescriptor"
795,"nssSnH2","descriptor","libpadeldescriptor.CDK_EStateAtomTypeDescriptor"
796,"nsssSnH","descriptor","libpadeldescriptor.CDK_EStateAtomTypeDescriptor"
797,"nssssSn","descriptor","libpadeldescriptor.CDK_EStateAtomTypeDescriptor"
798,"nsI","descriptor","libpadeldescriptor.CDK_EStateAtomTypeDescriptor"
799,"nsPbH3","descriptor","libpadeldescriptor.CDK_EStateAtomTypeDescriptor"
800,"nssPbH2","descriptor","libpadeldescriptor.CDK_EStateAtomTypeDescriptor"
801,"nsssPbH","descriptor","libpadeldescriptor.CDK_EStateAtomTypeDescriptor"
802,"nssssPb","descriptor","libpadeldescriptor.CDK_EStateAtomTypeDescriptor"
803,"SHBd","descriptor","libpadeldescriptor.CDK_EStateAtomTypeDescriptor"
804,"SwHBd","descriptor","libpadeldescriptor.CDK_EStateAtomTypeDescriptor"
805,"SHBa","descriptor","libpadeldescriptor.CDK_EStateAtomTypeDescriptor"
806,"SwHBa","descriptor","libpadeldescriptor.CDK_EStateAtomTypeDescriptor"
807,"SHBint2","descriptor","libpadeldescriptor.CDK_EStateAtomTypeDescriptor"
808,"SHBint3","descriptor","libpadeldescriptor.CDK_EStateAtomTypeDescriptor"
809,"SHBint4","descriptor","libpadeldescriptor.CDK_EStateAtomTypeDescriptor"
810,"SHBint5","descriptor","libpadeldescriptor.CDK_EStateAtomTypeDescriptor"
811,"SHBint6","descriptor","libpadeldescriptor.CDK_EStateAtomTypeDescriptor"
812,"SHBint7","descriptor","libpadeldescriptor.CDK_EStateAtomTypeDescriptor"
813,"SHBint8","descriptor","libpadeldescriptor.CDK_EStateAtomTypeDescriptor"
814,"SHBint9","descriptor","libpadeldescriptor.CDK_EStateAtomTypeDescriptor"
815,"SHBint10","descriptor","libpadeldescriptor.CDK_EStateAtomTypeDescriptor"
816,"SHsOH","descriptor","libpadeldescriptor.CDK_EStateAtomTypeDescriptor"
817,"SHdNH","descriptor","libpadeldescriptor.CDK_EStateAtomTypeDescriptor"
818,"SHsSH","descriptor","libpadeldescriptor.CDK_EStateAtomTypeDescriptor"
819,"SHsNH2","descriptor","libpadeldescriptor.CDK_EStateAtomTypeDescriptor"
820,"SHssNH","descriptor","libpadeldescriptor.CDK_EStateAtomTypeDescriptor"
821,"SHaaNH","descriptor","libpadeldescriptor.CDK_EStateAtomTypeDescriptor"
822,"SHsNH3p","descriptor","libpadeldescriptor.CDK_EStateAtomTypeDescriptor"
823,"SHssNH2p","descriptor","libpadeldescriptor.CDK_EStateAtomTypeDescriptor"
824,"SHsssNHp","descriptor","libpadeldescriptor.CDK_EStateAtomTypeDescriptor"
825,"SHtCH","descriptor","libpadeldescriptor.CDK_EStateAtomTypeDescriptor"
826,"SHdCH2","descriptor","libpadeldescriptor.CDK_EStateAtomTypeDescriptor"
827,"SHdsCH","descriptor","libpadeldescriptor.CDK_EStateAtomTypeDescriptor"
828,"SHaaCH","descriptor","libpadeldescriptor.CDK_EStateAtomTypeDescriptor"
829,"SHCHnX","descriptor","libpadeldescriptor.CDK_EStateAtomTypeDescriptor"
830,"SHCsats","descriptor","libpadeldescriptor.CDK_EStateAtomTypeDescriptor"
831,"SHCsatu","descriptor","libpadeldescriptor.CDK_EStateAtomTypeDescriptor"
832,"SHAvin","descriptor","libpadeldescriptor.CDK_EStateAtomTypeDescriptor"
833,"SHother","descriptor","libpadeldescriptor.CDK_EStateAtomTypeDescriptor"
834,"SHmisc","descriptor","libpadeldescriptor.CDK_EStateAtomTypeDescriptor"
835,"SsLi","descriptor","libpadeldescriptor.CDK_EStateAtomTypeDescriptor"
836,"SssBe","descriptor","libpadeldescriptor.CDK_EStateAtomTypeDescriptor"
837,"SssssBem","descriptor","libpadeldescriptor.CDK_EStateAtomTypeDescriptor"
838,"SsBH2","descriptor","libpadeldescriptor.CDK_EStateAtomTypeDescriptor"
839,"SssBH","descriptor","libpadeldescriptor.CDK_EStateAtomTypeDescriptor"
840,"SsssB","descriptor","libpadeldescriptor.CDK_EStateAtomTypeDescriptor"
841,"SssssBm","descriptor","libpadeldescriptor.CDK_EStateAtomTypeDescriptor"
842,"SsCH3","descriptor","libpadeldescriptor.CDK_EStateAtomTypeDescriptor"
843,"SdCH2","descriptor","libpadeldescriptor.CDK_EStateAtomTypeDescriptor"
844,"SssCH2","descriptor","libpadeldescriptor.CDK_EStateAtomTypeDescriptor"
845,"StCH","descriptor","libpadeldescriptor.CDK_EStateAtomTypeDescriptor"
846,"SdsCH","descriptor","libpadeldescriptor.CDK_EStateAtomTypeDescriptor"
847,"SaaCH","descriptor","libpadeldescriptor.CDK_EStateAtomTypeDescriptor"
848,"SsssCH","descriptor","libpadeldescriptor.CDK_EStateAtomTypeDescriptor"
849,"SddC","descriptor","libpadeldescriptor.CDK_EStateAtomTypeDescriptor"
850,"StsC","descriptor","libpadeldescriptor.CDK_EStateAtomTypeDescriptor"
851,"SdssC","descriptor","libpadeldescriptor.CDK_EStateAtomTypeDescriptor"
852,"SaasC","descriptor","libpadeldescriptor.CDK_EStateAtomTypeDescriptor"
853,"SaaaC","descriptor","libpadeldescriptor.CDK_EStateAtomTypeDescriptor"
854,"SssssC","descriptor","libpadeldescriptor.CDK_EStateAtomTypeDescriptor"
855,"SsNH3p","descriptor","libpadeldescriptor.CDK_EStateAtomTypeDescriptor"
856,"SsNH2","descriptor","libpadeldescriptor.CDK_EStateAtomTypeDescriptor"
857,"SssNH2p","descriptor","libpadeldescriptor.CDK_EStateAtomTypeDescriptor"
858,"SdNH","descriptor","libpadeldescriptor.CDK_EStateAtomTypeDescriptor"
859,"SssNH","descriptor","libpadeldescriptor.CDK_EStateAtomTypeDescriptor"
860,"SaaNH","descriptor","libpadeldescriptor.CDK_EStateAtomTypeDescriptor"
861,"StN","descriptor","libpadeldescriptor.CDK_EStateAtomTypeDescriptor"
862,"SsssNHp","descriptor","libpadeldescriptor.CDK_EStateAtomTypeDescriptor"
863,"SdsN","descriptor","libpadeldescriptor.CDK_EStateAtomTypeDescriptor"
864,"SaaN","descriptor","libpadeldescriptor.CDK_EStateAtomTypeDescriptor"
865,"SsssN","descriptor","libpadeldescriptor.CDK_EStateAtomTypeDescriptor"
866,"SddsN","descriptor","libpadeldescriptor.CDK_EStateAtomTypeDescriptor"
867,"SaasN","descriptor","libpadeldescriptor.CDK_EStateAtomTypeDescriptor"
868,"SssssNp","descriptor","libpadeldescriptor.CDK_EStateAtomTypeDescriptor"
869,"SsOH","descriptor","libpadeldescriptor.CDK_EStateAtomTypeDescriptor"
870,"SdO","descriptor","libpadeldescriptor.CDK_EStateAtomTypeDescriptor"
871,"SssO","descriptor","libpadeldescriptor.CDK_EStateAtomTypeDescriptor"
872,"SaaO","descriptor","libpadeldescriptor.CDK_EStateAtomTypeDescriptor"
873,"SaOm","descriptor","libpadeldescriptor.CDK_EStateAtomTypeDescriptor"
874,"SsOm","descriptor","libpadeldescriptor.CDK_EStateAtomTypeDescriptor"
875,"SsF","descriptor","libpadeldescriptor.CDK_EStateAtomTypeDescriptor"
876,"SsSiH3","descriptor","libpadeldescriptor.CDK_EStateAtomTypeDescriptor"
877,"SssSiH2","descriptor","libpadeldescriptor.CDK_EStateAtomTypeDescriptor"
878,"SsssSiH","descriptor","libpadeldescriptor.CDK_EStateAtomTypeDescriptor"
879,"SssssSi","descriptor","libpadeldescriptor.CDK_EStateAtomTypeDescriptor"
880,"SsPH2","descriptor","libpadeldescriptor.CDK_EStateAtomTypeDescriptor"
881,"SssPH","descriptor","libpadeldescriptor.CDK_EStateAtomTypeDescriptor"
882,"SsssP","descriptor","libpadeldescriptor.CDK_EStateAtomTypeDescriptor"
883,"SdsssP","descriptor","libpadeldescriptor.CDK_EStateAtomTypeDescriptor"
884,"SddsP","descriptor","libpadeldescriptor.CDK_EStateAtomTypeDescriptor"
885,"SsssssP","descriptor","libpadeldescriptor.CDK_EStateAtomTypeDescriptor"
886,"SsSH","descriptor","libpadeldescriptor.CDK_EStateAtomTypeDescriptor"
887,"SdS","descriptor","libpadeldescriptor.CDK_EStateAtomTypeDescriptor"
888,"SssS","descriptor","libpadeldescriptor.CDK_EStateAtomTypeDescriptor"
889,"SaaS","descriptor","libpadeldescriptor.CDK_EStateAtomTypeDescriptor"
890,"SdssS","descriptor","libpadeldescriptor.CDK_EStateAtomTypeDescriptor"
891,"SddssS","descriptor","libpadeldescriptor.CDK_EStateAtomTypeDescriptor"
892,"SssssssS","descriptor","libpadeldescriptor.CDK_EStateAtomTypeDescriptor"
893,"SSm","descriptor","libpadeldescriptor.CDK_EStateAtomTypeDescriptor"
894,"SsCl","descriptor","libpadeldescriptor.CDK_EStateAtomTypeDescriptor"
895,"SsGeH3","descriptor","libpadeldescriptor.CDK_EStateAtomTypeDescriptor"
896,"SssGeH2","descriptor","libpadeldescriptor.CDK_EStateAtomTypeDescriptor"
897,"SsssGeH","descriptor","libpadeldescriptor.CDK_EStateAtomTypeDescriptor"
898,"SssssGe","descriptor","libpadeldescriptor.CDK_EStateAtomTypeDescriptor"
899,"SsAsH2","descriptor","libpadeldescriptor.CDK_EStateAtomTypeDescriptor"
900,"SssAsH","descriptor","libpadeldescriptor.CDK_EStateAtomTypeDescriptor"
901,"SsssAs","descriptor","libpadeldescriptor.CDK_EStateAtomTypeDescriptor"
902,"SdsssAs","descriptor","libpadeldescriptor.CDK_EStateAtomTypeDescriptor"
903,"SddsAs","descriptor","libpadeldescriptor.CDK_EStateAtomTypeDescriptor"
904,"SsssssAs","descriptor","libpadeldescriptor.CDK_EStateAtomTypeDescriptor"
905,"SsSeH","descriptor","libpadeldescriptor.CDK_EStateAtomTypeDescriptor"
906,"SdSe","descriptor","libpadeldescriptor.CDK_EStateAtomTypeDescriptor"
907,"SssSe","descriptor","libpadeldescriptor.CDK_EStateAtomTypeDescriptor"
908,"SaaSe","descriptor","libpadeldescriptor.CDK_EStateAtomTypeDescriptor"
909,"SdssSe","descriptor","libpadeldescriptor.CDK_EStateAtomTypeDescriptor"
910,"SssssssSe","descriptor","libpadeldescriptor.CDK_EStateAtomTypeDescriptor"
911,"SddssSe","descriptor","libpadeldescriptor.CDK_EStateAtomTypeDescriptor"
912,"SsBr","descriptor","libpadeldescriptor.CDK_EStateAtomTypeDescriptor"
913,"SsSnH3","descriptor","libpadeldescriptor.CDK_EStateAtomTypeDescriptor"
914,"SssSnH2","descriptor","libpadeldescriptor.CDK_EStateAtomTypeDescriptor"
915,"SsssSnH","descriptor","libpadeldescriptor.CDK_EStateAtomTypeDescriptor"
916,"SssssSn","descriptor","libpadeldescriptor.CDK_EStateAtomTypeDescriptor"
917,"SsI","descriptor","libpadeldescriptor.CDK_EStateAtomTypeDescriptor"
918,"SsPbH3","descriptor","libpadeldescriptor.CDK_EStateAtomTypeDescriptor"
919,"SssPbH2","descriptor","libpadeldescriptor.CDK_EStateAtomTypeDescriptor"
920,"SsssPbH","descriptor","libpadeldescriptor.CDK_EStateAtomTypeDescriptor"
921,"SssssPb","descriptor","libpadeldescriptor.CDK_EStateAtomTypeDescriptor"
922,"minHBd","descriptor","libpadeldescriptor.CDK_EStateAtomTypeDescriptor"
923,"minwHBd","descriptor","libpadeldescriptor.CDK_EStateAtomTypeDescriptor"
924,"minHBa","descriptor","libpadeldescriptor.CDK_EStateAtomTypeDescriptor"
925,"minwHBa","descriptor","libpadeldescriptor.CDK_EStateAtomTypeDescriptor"
926,"minHBint2","descriptor","libpadeldescriptor.CDK_EStateAtomTypeDescriptor"
927,"minHBint3","descriptor","libpadeldescriptor.CDK_EStateAtomTypeDescriptor"
928,"minHBint4","descriptor","libpadeldescriptor.CDK_EStateAtomTypeDescriptor"
929,"minHBint5","descriptor","libpadeldescriptor.CDK_EStateAtomTypeDescriptor"
930,"minHBint6","descriptor","libpadeldescriptor.CDK_EStateAtomTypeDescriptor"
931,"minHBint7","descriptor","libpadeldescriptor.CDK_EStateAtomTypeDescriptor"
932,"minHBint8","descriptor","libpadeldescriptor.CDK_EStateAtomTypeDescriptor"
933,"minHBint9","descriptor","libpadeldescriptor.CDK_EStateAtomTypeDescriptor"
934,"minHBint10","descriptor","libpadeldescriptor.CDK_EStateAtomTypeDescriptor"
935,"minHsOH","descriptor","libpadeldescriptor.CDK_EStateAtomTypeDescriptor"
936,"minHdNH","descriptor","libpadeldescriptor.CDK_EStateAtomTypeDescriptor"
937,"minHsSH","descriptor","libpadeldescriptor.CDK_EStateAtomTypeDescriptor"
938,"minHsNH2","descriptor","libpadeldescriptor.CDK_EStateAtomTypeDescriptor"
939,"minHssNH","descriptor","libpadeldescriptor.CDK_EStateAtomTypeDescriptor"
940,"minHaaNH","descriptor","libpadeldescriptor.CDK_EStateAtomTypeDescriptor"
941,"minHsNH3p","descriptor","libpadeldescriptor.CDK_EStateAtomTypeDescriptor"
942,"minHssNH2p","descriptor","libpadeldescriptor.CDK_EStateAtomTypeDescriptor"
943,"minHsssNHp","descriptor","libpadeldescriptor.CDK_EStateAtomTypeDescriptor"
944,"minHtCH","descriptor","libpadeldescriptor.CDK_EStateAtomTypeDescriptor"
945,"minHdCH2","descriptor","libpadeldescriptor.CDK_EStateAtomTypeDescriptor"
946,"minHdsCH","descriptor","libpadeldescriptor.CDK_EStateAtomTypeDescriptor"
947,"minHaaCH","descriptor","libpadeldescriptor.CDK_EStateAtomTypeDescriptor"
948,"minHCHnX","descriptor","libpadeldescriptor.CDK_EStateAtomTypeDescriptor"
949,"minHCsats","descriptor","libpadeldescriptor.CDK_EStateAtomTypeDescriptor"
950,"minHCsatu","descriptor","libpadeldescriptor.CDK_EStateAtomTypeDescriptor"
951,"minHAvin","descriptor","libpadeldescriptor.CDK_EStateAtomTypeDescriptor"
952,"minHother","descriptor","libpadeldescriptor.CDK_EStateAtomTypeDescriptor"
953,"minHmisc","descriptor","libpadeldescriptor.CDK_EStateAtomTypeDescriptor"
954,"minsLi","descriptor","libpadeldescriptor.CDK_EStateAtomTypeDescriptor"
955,"minssBe","descriptor","libpadeldescriptor.CDK_EStateAtomTypeDescriptor"
956,"minssssBem","descriptor","libpadeldescriptor.CDK_EStateAtomTypeDescriptor"
957,"minsBH2","descriptor","libpadeldescriptor.CDK_EStateAtomTypeDescriptor"
958,"minssBH","descriptor","libpadeldescriptor.CDK_EStateAtomTypeDescriptor"
959,"minsssB","descriptor","libpadeldescriptor.CDK_EStateAtomTypeDescriptor"
960,"minssssBm","descriptor","libpadeldescriptor.CDK_EStateAtomTypeDescriptor"
961,"minsCH3","descriptor","libpadeldescriptor.CDK_EStateAtomTypeDescriptor"
962,"mindCH2","descriptor","libpadeldescriptor.CDK_EStateAtomTypeDescriptor"
963,"minssCH2","descriptor","libpadeldescriptor.CDK_EStateAtomTypeDescriptor"
964,"mintCH","descriptor","libpadeldescriptor.CDK_EStateAtomTypeDescriptor"
965,"mindsCH","descriptor","libpadeldescriptor.CDK_EStateAtomTypeDescriptor"
966,"minaaCH","descriptor","libpadeldescriptor.CDK_EStateAtomTypeDescriptor"
967,"minsssCH","descriptor","libpadeldescriptor.CDK_EStateAtomTypeDescriptor"
968,"minddC","descriptor","libpadeldescriptor.CDK_EStateAtomTypeDescriptor"
969,"mintsC","descriptor","libpadeldescriptor.CDK_EStateAtomTypeDescriptor"
970,"mindssC","descriptor","libpadeldescriptor.CDK_EStateAtomTypeDescriptor"
971,"minaasC","descriptor","libpadeldescriptor.CDK_EStateAtomTypeDescriptor"
972,"minaaaC","descriptor","libpadeldescriptor.CDK_EStateAtomTypeDescriptor"
973,"minssssC","descriptor","libpadeldescriptor.CDK_EStateAtomTypeDescriptor"
974,"minsNH3p","descriptor","libpadeldescriptor.CDK_EStateAtomTypeDescriptor"
975,"minsNH2","descriptor","libpadeldescriptor.CDK_EStateAtomTypeDescriptor"
976,"minssNH2p","descriptor","libpadeldescriptor.CDK_EStateAtomTypeDescriptor"
977,"mindNH","descriptor","libpadeldescriptor.CDK_EStateAtomTypeDescriptor"
978,"minssNH","descriptor","libpadeldescriptor.CDK_EStateAtomTypeDescriptor"
979,"minaaNH","descriptor","libpadeldescriptor.CDK_EStateAtomTypeDescriptor"
980,"mintN","descriptor","libpadeldescriptor.CDK_EStateAtomTypeDescriptor"
981,"minsssNHp","descriptor","libpadeldescriptor.CDK_EStateAtomTypeDescriptor"
982,"mindsN","descriptor","libpadeldescriptor.CDK_EStateAtomTypeDescriptor"
983,"minaaN","descriptor","libpadeldescriptor.CDK_EStateAtomTypeDescriptor"
984,"minsssN","descriptor","libpadeldescriptor.CDK_EStateAtomTypeDescriptor"
985,"minddsN","descriptor","libpadeldescriptor.CDK_EStateAtomTypeDescriptor"
986,"minaasN","descriptor","libpadeldescriptor.CDK_EStateAtomTypeDescriptor"
987,"minssssNp","descriptor","libpadeldescriptor.CDK_EStateAtomTypeDescriptor"
988,"minsOH","descriptor","libpadeldescriptor.CDK_EStateAtomTypeDescriptor"
989,"mindO","descriptor","libpadeldescriptor.CDK_EStateAtomTypeDescriptor"
990,"minssO","descriptor","libpadeldescriptor.CDK_EStateAtomTypeDescriptor"
991,"minaaO","descriptor","libpadeldescriptor.CDK_EStateAtomTypeDescriptor"
992,"minaOm","descriptor","libpadeldescriptor.CDK_EStateAtomTypeDescriptor"
993,"minsOm","descriptor","libpadeldescriptor.CDK_EStateAtomTypeDescriptor"
994,"minsF","descriptor","libpadeldescriptor.CDK_EStateAtomTypeDescriptor"
995,"minsSiH3","descriptor","libpadeldescriptor.CDK_EStateAtomTypeDescriptor"
996,"minssSiH2","descriptor","libpadeldescriptor.CDK_EStateAtomTypeDescriptor"
997,"minsssSiH","descriptor","libpadeldescriptor.CDK_EStateAtomTypeDescriptor"
998,"minssssSi","descriptor","libpadeldescriptor.CDK_EStateAtomTypeDescriptor"
999,"minsPH2","descriptor","libpadeldescriptor.CDK_EStateAtomTypeDescriptor"
1000,"minssPH","descriptor","libpadeldescriptor.CDK_EStateAtomTypeDescriptor"
1001,"minsssP","descriptor","libpadeldescriptor.CDK_EStateAtomTypeDescriptor"
1002,"mindsssP","descriptor","libpadeldescriptor.CDK_EStateAtomTypeDescriptor"
1003,"minddsP","descriptor","libpadeldescriptor.CDK_EStateAtomTypeDescriptor"
1004,"minsssssP","descriptor","libpadeldescriptor.CDK_EStateAtomTypeDescriptor"
1005,"minsSH","descriptor","libpadeldescriptor.CDK_EStateAtomTypeDescriptor"
1006,"mindS","descriptor","libpadeldescriptor.CDK_EStateAtomTypeDescriptor"
1007,"minssS","descriptor","libpadeldescriptor.CDK_EStateAtomTypeDescriptor"
1008,"minaaS","descriptor","libpadeldescriptor.CDK_EStateAtomTypeDescriptor"
1009,"mindssS","descriptor","libpadeldescriptor.CDK_EStateAtomTypeDescriptor"
1010,"minddssS","descriptor","libpadeldescriptor.CDK_EStateAtomTypeDescriptor"
1011,"minssssssS","descriptor","libpadeldescriptor.CDK_EStateAtomTypeDescriptor"
1012,"minSm","descriptor","libpadeldescriptor.CDK_EStateAtomTypeDescriptor"
1013,"minsCl","descriptor","libpadeldescriptor.CDK_EStateAtomTypeDescriptor"
1014,"minsGeH3","descriptor","libpadeldescriptor.CDK_EStateAtomTypeDescriptor"
1015,"minssGeH2","descriptor","libpadeldescriptor.CDK_EStateAtomTypeDescriptor"
1016,"minsssGeH","descriptor","libpadeldescriptor.CDK_EStateAtomTypeDescriptor"
1017,"minssssGe","descriptor","libpadeldescriptor.CDK_EStateAtomTypeDescriptor"
1018,"minsAsH2","descriptor","libpadeldescriptor.CDK_EStateAtomTypeDescriptor"
1019,"minssAsH","descriptor","libpadeldescriptor.CDK_EStateAtomTypeDescriptor"
1020,"minsssAs","descriptor","libpadeldescriptor.CDK_EStateAtomTypeDescriptor"
1021,"mindsssAs","descriptor","libpadeldescriptor.CDK_EStateAtomTypeDescriptor"
1022,"minddsAs","descriptor","libpadeldescriptor.CDK_EStateAtomTypeDescriptor"
1023,"minsssssAs","descriptor","libpadeldescriptor.CDK_EStateAtomTypeDescriptor"
1024,"minsSeH","descriptor","libpadeldescriptor.CDK_EStateAtomTypeDescriptor"
1025,"mindSe","descriptor","libpadeldescriptor.CDK_EStateAtomTypeDescriptor"
1026,"minssSe","descriptor","libpadeldescriptor.CDK_EStateAtomTypeDescriptor"
1027,"minaaSe","descriptor","libpadeldescriptor.CDK_EStateAtomTypeDescriptor"
1028,"mindssSe","descriptor","libpadeldescriptor.CDK_EStateAtomTypeDescriptor"
1029,"minssssssSe","descriptor","libpadeldescriptor.CDK_EStateAtomTypeDescriptor"
1030,"minddssSe","descriptor","libpadeldescriptor.CDK_EStateAtomTypeDescriptor"
1031,"minsBr","descriptor","libpadeldescriptor.CDK_EStateAtomTypeDescriptor"
1032,"minsSnH3","descriptor","libpadeldescriptor.CDK_EStateAtomTypeDescriptor"
1033,"minssSnH2","descriptor","libpadeldescriptor.CDK_EStateAtomTypeDescriptor"
1034,"minsssSnH","descriptor","libpadeldescriptor.CDK_EStateAtomTypeDescriptor"
1035,"minssssSn","descriptor","libpadeldescriptor.CDK_EStateAtomTypeDescriptor"
1036,"minsI","descriptor","libpadeldescriptor.CDK_EStateAtomTypeDescriptor"
1037,"minsPbH3","descriptor","libpadeldescriptor.CDK_EStateAtomTypeDescriptor"
1038,"minssPbH2","descriptor","libpadeldescriptor.CDK_EStateAtomTypeDescriptor"
1039,"minsssPbH","descriptor","libpadeldescriptor.CDK_EStateAtomTypeDescriptor"
1040,"minssssPb","descriptor","libpadeldescriptor.CDK_EStateAtomTypeDescriptor"
1041,"maxHBd","descriptor","libpadeldescriptor.CDK_EStateAtomTypeDescriptor"
1042,"maxwHBd","descriptor","libpadeldescriptor.CDK_EStateAtomTypeDescriptor"
1043,"maxHBa","descriptor","libpadeldescriptor.CDK_EStateAtomTypeDescriptor"
1044,"maxwHBa","descriptor","libpadeldescriptor.CDK_EStateAtomTypeDescriptor"
1045,"maxHBint2","descriptor","libpadeldescriptor.CDK_EStateAtomTypeDescriptor"
1046,"maxHBint3","descriptor","libpadeldescriptor.CDK_EStateAtomTypeDescriptor"
1047,"maxHBint4","descriptor","libpadeldescriptor.CDK_EStateAtomTypeDescriptor"
1048,"maxHBint5","descriptor","libpadeldescriptor.CDK_EStateAtomTypeDescriptor"
1049,"maxHBint6","descriptor","libpadeldescriptor.CDK_EStateAtomTypeDescriptor"
1050,"maxHBint7","descriptor","libpadeldescriptor.CDK_EStateAtomTypeDescriptor"
1051,"maxHBint8","descriptor","libpadeldescriptor.CDK_EStateAtomTypeDescriptor"
1052,"maxHBint9","descriptor","libpadeldescriptor.CDK_EStateAtomTypeDescriptor"
1053,"maxHBint10","descriptor","libpadeldescriptor.CDK_EStateAtomTypeDescriptor"
1054,"maxHsOH","descriptor","libpadeldescriptor.CDK_EStateAtomTypeDescriptor"
1055,"maxHdNH","descriptor","libpadeldescriptor.CDK_EStateAtomTypeDescriptor"
1056,"maxHsSH","descriptor","libpadeldescriptor.CDK_EStateAtomTypeDescriptor"
1057,"maxHsNH2","descriptor","libpadeldescriptor.CDK_EStateAtomTypeDescriptor"
1058,"maxHssNH","descriptor","libpadeldescriptor.CDK_EStateAtomTypeDescriptor"
1059,"maxHaaNH","descriptor","libpadeldescriptor.CDK_EStateAtomTypeDescriptor"
1060,"maxHsNH3p","descriptor","libpadeldescriptor.CDK_EStateAtomTypeDescriptor"
1061,"maxHssNH2p","descriptor","libpadeldescriptor.CDK_EStateAtomTypeDescriptor"
1062,"maxHsssNHp","descriptor","libpadeldescriptor.CDK_EStateAtomTypeDescriptor"
1063,"maxHtCH","descriptor","libpadeldescriptor.CDK_EStateAtomTypeDescriptor"
1064,"maxHdCH2","descriptor","libpadeldescriptor.CDK_EStateAtomTypeDescriptor"
1065,"maxHdsCH","descriptor","libpadeldescriptor.CDK_EStateAtomTypeDescriptor"
1066,"maxHaaCH","descriptor","libpadeldescriptor.CDK_EStateAtomTypeDescriptor"
1067,"maxHCHnX","descriptor","libpadeldescriptor.CDK_EStateAtomTypeDescriptor"
1068,"maxHCsats","descriptor","libpadeldescriptor.CDK_EStateAtomTypeDescriptor"
1069,"maxHCsatu","descriptor","libpadeldescriptor.CDK_EStateAtomTypeDescriptor"
1070,"maxHAvin","descriptor","libpadeldescriptor.CDK_EStateAtomTypeDescriptor"
1071,"maxHother","descriptor","libpadeldescriptor.CDK_EStateAtomTypeDescriptor"
1072,"maxHmisc","descriptor","libpadeldescriptor.CDK_EStateAtomTypeDescriptor"
1073,"maxsLi","descriptor","libpadeldescriptor.CDK_EStateAtomTypeDescriptor"
1074,"maxssBe","descriptor","libpadeldescriptor.CDK_EStateAtomTypeDescriptor"
1075,"maxssssBem","descriptor","libpadeldescriptor.CDK_EStateAtomTypeDescriptor"
1076,"maxsBH2","descriptor","libpadeldescriptor.CDK_EStateAtomTypeDescriptor"
1077,"maxssBH","descriptor","libpadeldescriptor.CDK_EStateAtomTypeDescriptor"
1078,"maxsssB","descriptor","libpadeldescriptor.CDK_EStateAtomTypeDescriptor"
1079,"maxssssBm","descriptor","libpadeldescriptor.CDK_EStateAtomTypeDescriptor"
1080,"maxsCH3","descriptor","libpadeldescriptor.CDK_EStateAtomTypeDescriptor"
1081,"maxdCH2","descriptor","libpadeldescriptor.CDK_EStateAtomTypeDescriptor"
1082,"maxssCH2","descriptor","libpadeldescriptor.CDK_EStateAtomTypeDescriptor"
1083,"maxtCH","descriptor","libpadeldescriptor.CDK_EStateAtomTypeDescriptor"
1084,"maxdsCH","descriptor","libpadeldescriptor.CDK_EStateAtomTypeDescriptor"
1085,"maxaaCH","descriptor","libpadeldescriptor.CDK_EStateAtomTypeDescriptor"
1086,"maxsssCH","descriptor","libpadeldescriptor.CDK_EStateAtomTypeDescriptor"
1087,"maxddC","descriptor","libpadeldescriptor.CDK_EStateAtomTypeDescriptor"
1088,"maxtsC","descriptor","libpadeldescriptor.CDK_EStateAtomTypeDescriptor"
1089,"maxdssC","descriptor","libpadeldescriptor.CDK_EStateAtomTypeDescriptor"
1090,"maxaasC","descriptor","libpadeldescriptor.CDK_EStateAtomTypeDescriptor"
1091,"maxaaaC","descriptor","libpadeldescriptor.CDK_EStateAtomTypeDescriptor"
1092,"maxssssC","descriptor","libpadeldescriptor.CDK_EStateAtomTypeDescriptor"
1093,"maxsNH3p","descriptor","libpadeldescriptor.CDK_EStateAtomTypeDescriptor"
1094,"maxsNH2","descriptor","libpadeldescriptor.CDK_EStateAtomTypeDescriptor"
1095,"maxssNH2p","descriptor","libpadeldescriptor.CDK_EStateAtomTypeDescriptor"
1096,"maxdNH","descriptor","libpadeldescriptor.CDK_EStateAtomTypeDescriptor"
1097,"maxssNH","descriptor","libpadeldescriptor.CDK_EStateAtomTypeDescriptor"
1098,"maxaaNH","descriptor","libpadeldescriptor.CDK_EStateAtomTypeDescriptor"
1099,"maxtN","descriptor","libpadeldescriptor.CDK_EStateAtomTypeDescriptor"
1100,"maxsssNHp","descriptor","libpadeldescriptor.CDK_EStateAtomTypeDescriptor"
1101,"maxdsN","descriptor","libpadeldescriptor.CDK_EStateAtomTypeDescriptor"
1102,"maxaaN","descriptor","libpadeldescriptor.CDK_EStateAtomTypeDescriptor"
1103,"maxsssN","descriptor","libpadeldescriptor.CDK_EStateAtomTypeDescriptor"
1104,"maxddsN","descriptor","libpadeldescriptor.CDK_EStateAtomTypeDescriptor"
1105,"maxaasN","descriptor","libpadeldescriptor.CDK_EStateAtomTypeDescriptor"
1106,"maxssssNp","descriptor","libpadeldescriptor.CDK_EStateAtomTypeDescriptor"
1107,"maxsOH","descriptor","libpadeldescriptor.CDK_EStateAtomTypeDescriptor"
1108,"maxdO","descriptor","libpadeldescriptor.CDK_EStateAtomTypeDescriptor"
1109,"maxssO","descriptor","libpadeldescriptor.CDK_EStateAtomTypeDescriptor"
1110,"maxaaO","descriptor","libpadeldescriptor.CDK_EStateAtomTypeDescriptor"
1111,"maxaOm","descriptor","libpadeldescriptor.CDK_EStateAtomTypeDescriptor"
1112,"maxsOm","descriptor","libpadeldescriptor.CDK_EStateAtomTypeDescriptor"
1113,"maxsF","descriptor","libpadeldescriptor.CDK_EStateAtomTypeDescriptor"
1114,"maxsSiH3","descriptor","libpadeldescriptor.CDK_EStateAtomTypeDescriptor"
1115,"maxssSiH2","descriptor","libpadeldescriptor.CDK_EStateAtomTypeDescriptor"
1116,"maxsssSiH","descriptor","libpadeldescriptor.CDK_EStateAtomTypeDescriptor"
1117,"maxssssSi","descriptor","libpadeldescriptor.CDK_EStateAtomTypeDescriptor"
1118,"maxsPH2","descriptor","libpadeldescriptor.CDK_EStateAtomTypeDescriptor"
1119,"maxssPH","descriptor","libpadeldescriptor.CDK_EStateAtomTypeDescriptor"
1120,"maxsssP","descriptor","libpadeldescriptor.CDK_EStateAtomTypeDescriptor"
1121,"maxdsssP","descriptor","libpadeldescriptor.CDK_EStateAtomTypeDescriptor"
1122,"maxddsP","descriptor","libpadeldescriptor.CDK_EStateAtomTypeDescriptor"
1123,"maxsssssP","descriptor","libpadeldescriptor.CDK_EStateAtomTypeDescriptor"
1124,"maxsSH","descriptor","libpadeldescriptor.CDK_EStateAtomTypeDescriptor"
1125,"maxdS","descriptor","libpadeldescriptor.CDK_EStateAtomTypeDescriptor"
1126,"maxssS","descriptor","libpadeldescriptor.CDK_EStateAtomTypeDescriptor"
1127,"maxaaS","descriptor","libpadeldescriptor.CDK_EStateAtomTypeDescriptor"
1128,"maxdssS","descriptor","libpadeldescriptor.CDK_EStateAtomTypeDescriptor"
1129,"maxddssS","descriptor","libpadeldescriptor.CDK_EStateAtomTypeDescriptor"
1130,"maxssssssS","descriptor","libpadeldescriptor.CDK_EStateAtomTypeDescriptor"
1131,"maxSm","descriptor","libpadeldescriptor.CDK_EStateAtomTypeDescriptor"
1132,"maxsCl","descriptor","libpadeldescriptor.CDK_EStateAtomTypeDescriptor"
1133,"maxsGeH3","descriptor","libpadeldescriptor.CDK_EStateAtomTypeDescriptor"
1134,"maxssGeH2","descriptor","libpadeldescriptor.CDK_EStateAtomTypeDescriptor"
1135,"maxsssGeH","descriptor","libpadeldescriptor.CDK_EStateAtomTypeDescriptor"
1136,"maxssssGe","descriptor","libpadeldescriptor.CDK_EStateAtomTypeDescriptor"
1137,"maxsAsH2","descriptor","libpadeldescriptor.CDK_EStateAtomTypeDescriptor"
1138,"maxssAsH","descriptor","libpadeldescriptor.CDK_EStateAtomTypeDescriptor"
1139,"maxsssAs","descriptor","libpadeldescriptor.CDK_EStateAtomTypeDescriptor"
1140,"maxdsssAs","descriptor","libpadeldescriptor.CDK_EStateAtomTypeDescriptor"
1141,"maxddsAs","descriptor","libpadeldescriptor.CDK_EStateAtomTypeDescriptor"
1142,"maxsssssAs","descriptor","libpadeldescriptor.CDK_EStateAtomTypeDescriptor"
1143,"maxsSeH","descriptor","libpadeldescriptor.CDK_EStateAtomTypeDescriptor"
1144,"maxdSe","descriptor","libpadeldescriptor.CDK_EStateAtomTypeDescriptor"
1145,"maxssSe","descriptor","libpadeldescriptor.CDK_EStateAtomTypeDescriptor"
1146,"maxaaSe","descriptor","libpadeldescriptor.CDK_EStateAtomTypeDescriptor"
1147,"maxdssSe","descriptor","libpadeldescriptor.CDK_EStateAtomTypeDescriptor"
1148,"maxssssssSe","descriptor","libpadeldescriptor.CDK_EStateAtomTypeDescriptor"
1149,"maxddssSe","descriptor","libpadeldescriptor.CDK_EStateAtomTypeDescriptor"
1150,"maxsBr","descriptor","libpadeldescriptor.CDK_EStateAtomTypeDescriptor"
1151,"maxsSnH3","descriptor","libpadeldescriptor.CDK_EStateAtomTypeDescriptor"
1152,"maxssSnH2","descriptor","libpadeldescriptor.CDK_EStateAtomTypeDescriptor"
1153,"maxsssSnH","descriptor","libpadeldescriptor.CDK_EStateAtomTypeDescriptor"
1154,"maxssssSn","descriptor","libpadeldescriptor.CDK_EStateAtomTypeDescriptor"
1155,"maxsI","descriptor","libpadeldescriptor.CDK_EStateAtomTypeDescriptor"
1156,"maxsPbH3","descriptor","libpadeldescriptor.CDK_EStateAtomTypeDescriptor"
1157,"maxssPbH2","descriptor","libpadeldescriptor.CDK_EStateAtomTypeDescriptor"
1158,"maxsssPbH","descriptor","libpadeldescriptor.CDK_EStateAtomTypeDescriptor"
1159,"maxssssPb","descriptor","libpadeldescriptor.CDK_EStateAtomTypeDescriptor"
1160,"sumI","descriptor","libpadeldescriptor.CDK_EStateAtomTypeDescriptor"
1161,"meanI","descriptor","libpadeldescriptor.CDK_EStateAtomTypeDescriptor"
1162,"hmax","descriptor","libpadeldescriptor.CDK_EStateAtomTypeDescriptor"
1163,"gmax","descriptor","libpadeldescriptor.CDK_EStateAtomTypeDescriptor"
1164,"hmin","descriptor","libpadeldescriptor.CDK_EStateAtomTypeDescriptor"
1165,"gmin","descriptor","libpadeldescriptor.CDK_EStateAtomTypeDescriptor"
1166,"LipoaffinityIndex","descriptor","libpadeldescriptor.CDK_EStateAtomTypeDescriptor"
1167,"MAXDN","descriptor","libpadeldescriptor.CDK_EStateAtomTypeDescriptor"
1168,"MAXDP","descriptor","libpadeldescriptor.CDK_EStateAtomTypeDescriptor"
1169,"DELS","descriptor","libpadeldescriptor.CDK_EStateAtomTypeDescriptor"
1170,"MAXDN2","descriptor","libpadeldescriptor.CDK_EStateAtomTypeDescriptor"
1171,"MAXDP2","descriptor","libpadeldescriptor.CDK_EStateAtomTypeDescriptor"
1172,"DELS2","descriptor","libpadeldescriptor.CDK_EStateAtomTypeDescriptor"
1173,"ETA_Alpha","descriptor","libpadeldescriptor.CDK_ExtendedTopochemicalAtomDescriptor"
1174,"ETA_AlphaP","descriptor","libpadeldescriptor.CDK_ExtendedTopochemicalAtomDescriptor"
1175,"ETA_dAlpha_A","descriptor","libpadeldescriptor.CDK_ExtendedTopochemicalAtomDescriptor"
1176,"ETA_dAlpha_B","descriptor","libpadeldescriptor.CDK_ExtendedTopochemicalAtomDescriptor"
1177,"ETA_Epsilon_1","descriptor","libpadeldescriptor.CDK_ExtendedTopochemicalAtomDescriptor"
1178,"ETA_Epsilon_2","descriptor","libpadeldescriptor.CDK_ExtendedTopochemicalAtomDescriptor"
1179,"ETA_Epsilon_3","descriptor","libpadeldescriptor.CDK_ExtendedTopochemicalAtomDescriptor"
1180,"ETA_Epsilon_4","descriptor","libpadeldescriptor.CDK_ExtendedTopochemicalAtomDescriptor"
1181,"ETA_Epsilon_5","descriptor","libpadeldescriptor.CDK_ExtendedTopochemicalAtomDescriptor"
1182,"ETA_dEpsilon_A","descriptor","libpadeldescriptor.CDK_ExtendedTopochemicalAtomDescriptor"
1183,"ETA_dEpsilon_B","descriptor","libpadeldescriptor.CDK_ExtendedTopochemicalAtomDescriptor"
1184,"ETA_dEpsilon_C","descriptor","libpadeldescriptor.CDK_ExtendedTopochemicalAtomDescriptor"
1185,"ETA_dEpsilon_D","descriptor","libpadeldescriptor.CDK_ExtendedTopochemicalAtomDescriptor"
1186,"ETA_Psi_1","descriptor","libpadeldescriptor.CDK_ExtendedTopochemicalAtomDescriptor"
1187,"ETA_dPsi_A","descriptor","libpadeldescriptor.CDK_ExtendedTopochemicalAtomDescriptor"
1188,"ETA_dPsi_B","descriptor","libpadeldescriptor.CDK_ExtendedTopochemicalAtomDescriptor"
1189,"ETA_Shape_P","descriptor","libpadeldescriptor.CDK_ExtendedTopochemicalAtomDescriptor"
1190,"ETA_Shape_Y","descriptor","libpadeldescriptor.CDK_ExtendedTopochemicalAtomDescriptor"
1191,"ETA_Shape_X","descriptor","libpadeldescriptor.CDK_ExtendedTopochemicalAtomDescriptor"
1192,"ETA_Beta","descriptor","libpadeldescriptor.CDK_ExtendedTopochemicalAtomDescriptor"
1193,"ETA_BetaP","descriptor","libpadeldescriptor.CDK_ExtendedTopochemicalAtomDescriptor"
1194,"ETA_Beta_s","descriptor","libpadeldescriptor.CDK_ExtendedTopochemicalAtomDescriptor"
1195,"ETA_BetaP_s","descriptor","libpadeldescriptor.CDK_ExtendedTopochemicalAtomDescriptor"
1196,"ETA_Beta_ns","descriptor","libpadeldescriptor.CDK_ExtendedTopochemicalAtomDescriptor"
1197,"ETA_BetaP_ns","descriptor","libpadeldescriptor.CDK_ExtendedTopochemicalAtomDescriptor"
1198,"ETA_dBeta","descriptor","libpadeldescriptor.CDK_ExtendedTopochemicalAtomDescriptor"
1199,"ETA_dBetaP","descriptor","libpadeldescriptor.CDK_ExtendedTopochemicalAtomDescriptor"
1200,"ETA_Beta_ns_d","descriptor","libpadeldescriptor.CDK_ExtendedTopochemicalAtomDescriptor"
1201,"ETA_BetaP_ns_d","descriptor","libpadeldescriptor.CDK_ExtendedTopochemicalAtomDescriptor"
1202,"ETA_Eta","descriptor","libpadeldescriptor.CDK_ExtendedTopochemicalAtomDescriptor"
1203,"ETA_EtaP","descriptor","libpadeldescriptor.CDK_ExtendedTopochemicalAtomDescriptor"
1204,"ETA_Eta_R","descriptor","libpadeldescriptor.CDK_ExtendedTopochemicalAtomDescriptor"
1205,"ETA_Eta_F","descriptor","libpadeldescriptor.CDK_ExtendedTopochemicalAtomDescriptor"
1206,"ETA_EtaP_F","descriptor","libpadeldescriptor.CDK_ExtendedTopochemicalAtomDescriptor"
1207,"ETA_Eta_L","descriptor","libpadeldescriptor.CDK_ExtendedTopochemicalAtomDescriptor"
1208,"ETA_EtaP_L","descriptor","libpadeldescriptor.CDK_ExtendedTopochemicalAtomDescriptor"
1209,"ETA_Eta_R_L","descriptor","libpadeldescriptor.CDK_ExtendedTopochemicalAtomDescriptor"
1210,"ETA_Eta_F_L","descriptor","libpadeldescriptor.CDK_ExtendedTopochemicalAtomDescriptor"
1211,"ETA_EtaP_F_L","descriptor","libpadeldescriptor.CDK_ExtendedTopochemicalAtomDescriptor"
1212,"ETA_Eta_B","descriptor","libpadeldescriptor.CDK_ExtendedTopochemicalAtomDescriptor"
1213,"ETA_EtaP_B","descriptor","libpadeldescriptor.CDK_ExtendedTopochemicalAtomDescriptor"
1214,"ETA_Eta_B_RC","descriptor","libpadeldescriptor.CDK_ExtendedTopochemicalAtomDescriptor"
1215,"ETA_EtaP_B_RC","descriptor","libpadeldescriptor.CDK_ExtendedTopochemicalAtomDescriptor"
1216,"FMF","descriptor","libpadeldescriptor.CDK_FMFDescriptor"
1217,"fragC","descriptor","libpadeldescriptor.CDK_FragmentComplexityDescriptor"
1218,"nHBAcc","descriptor","libpadeldescriptor.CDK_HBondAcceptorCountDescriptor"
1219,"nHBAcc2","descriptor","libpadeldescriptor.CDK_HBondAcceptorCountDescriptor"
1220,"nHBAcc3","descriptor","libpadeldescriptor.CDK_HBondAcceptorCountDescriptor"
1221,"nHBAcc_Lipinski","descriptor","libpadeldescriptor.CDK_HBondAcceptorCountDescriptor"
1222,"nHBDon","descriptor","libpadeldescriptor.CDK_HBondDonorCountDescriptor"
1223,"nHBDon_Lipinski","descriptor","libpadeldescriptor.CDK_HBondDonorCountDescriptor"
1224,"HybRatio","descriptor","libpadeldescriptor.CDK_HybridizationRatioDescriptor"
1225,"IC0","descriptor","libpadeldescriptor.CDK_InformationContentDescriptor"
1226,"IC1","descriptor","libpadeldescriptor.CDK_InformationContentDescriptor"
1227,"IC2","descriptor","libpadeldescriptor.CDK_InformationContentDescriptor"
1228,"IC3","descriptor","libpadeldescriptor.CDK_InformationContentDescriptor"
1229,"IC4","descriptor","libpadeldescriptor.CDK_InformationContentDescriptor"
1230,"IC5","descriptor","libpadeldescriptor.CDK_InformationContentDescriptor"
1231,"TIC0","descriptor","libpadeldescriptor.CDK_InformationContentDescriptor"
1232,"TIC1","descriptor","libpadeldescriptor.CDK_InformationContentDescriptor"
1233,"TIC2","descriptor","libpadeldescriptor.CDK_InformationContentDescriptor"
1234,"TIC3","descriptor","libpadeldescriptor.CDK_InformationContentDescriptor"
1235,"TIC4","descriptor","libpadeldescriptor.CDK_InformationContentDescriptor"
1236,"TIC5","descriptor","libpadeldescriptor.CDK_InformationContentDescriptor"
1237,"SIC0","descriptor","libpadeldescriptor.CDK_InformationContentDescriptor"
1238,"SIC1","descriptor","libpadeldescriptor.CDK_InformationContentDescriptor"
1239,"SIC2","descriptor","libpadeldescriptor.CDK_InformationContentDescriptor"
1240,"SIC3","descriptor","libpadeldescriptor.CDK_InformationContentDescriptor"
1241,"SIC4","descriptor","libpadeldescriptor.CDK_InformationContentDescriptor"
1242,"SIC5","descriptor","libpadeldescriptor.CDK_InformationContentDescriptor"
1243,"CIC0","descriptor","libpadeldescriptor.CDK_InformationContentDescriptor"
1244,"CIC1","descriptor","libpadeldescriptor.CDK_InformationContentDescriptor"
1245,"CIC2","descriptor","libpadeldescriptor.CDK_InformationContentDescriptor"
1246,"CIC3","descriptor","libpadeldescriptor.CDK_InformationContentDescriptor"
1247,"CIC4","descriptor","libpadeldescriptor.CDK_InformationContentDescriptor"
1248,"CIC5","descriptor","libpadeldescriptor.CDK_InformationContentDescriptor"
1249,"BIC0","descriptor","libpadeldescriptor.CDK_InformationContentDescriptor"
1250,"BIC1","descriptor","libpadeldescriptor.CDK_InformationContentDescriptor"
1251,"BIC2","descriptor","libpadeldescriptor.CDK_InformationContentDescriptor"
1252,"BIC3","descriptor","libpadeldescriptor.CDK_InformationContentDescriptor"
1253,"BIC4","descriptor","libpadeldescriptor.CDK_InformationContentDescriptor"
1254,"BIC5","descriptor","libpadeldescriptor.CDK_InformationContentDescriptor"
1255,"MIC0","descriptor","libpadeldescriptor.CDK_InformationContentDescriptor"
1256,"MIC1","descriptor","libpadeldescriptor.CDK_InformationContentDescriptor"
1257,"MIC2","descriptor","libpadeldescriptor.CDK_InformationContentDescriptor"
1258,"MIC3","descriptor","libpadeldescriptor.CDK_InformationContentDescriptor"
1259,"MIC4","descriptor","libpadeldescriptor.CDK_InformationContentDescriptor"
1260,"MIC5","descriptor","libpadeldescriptor.CDK_InformationContentDescriptor"
1261,"ZMIC0","descriptor","libpadeldescriptor.CDK_InformationContentDescriptor"
1262,"ZMIC1","descriptor","libpadeldescriptor.CDK_InformationContentDescriptor"
1263,"ZMIC2","descriptor","libpadeldescriptor.CDK_InformationContentDescriptor"
1264,"ZMIC3","descriptor","libpadeldescriptor.CDK_InformationContentDescriptor"
1265,"ZMIC4","descriptor","libpadeldescriptor.CDK_InformationContentDescriptor"
1266,"ZMIC5","descriptor","libpadeldescriptor.CDK_InformationContentDescriptor"
1267,"MolIP","descriptor","libpadeldescriptor.CDK_IPMolecularLearningDescriptor"
1268,"Kier1","descriptor","libpadeldescriptor.CDK_KappaShapeIndicesDescriptor"
1269,"Kier2","descriptor","libpadeldescriptor.CDK_KappaShapeIndicesDescriptor"
1270,"Kier3","descriptor","libpadeldescriptor.CDK_KappaShapeIndicesDescriptor"
1271,"khs.sLi","descriptor","libpadeldescriptor.CDK_KierHallSmartsDescriptor"
1272,"khs.ssBe","descriptor","libpadeldescriptor.CDK_KierHallSmartsDescriptor"
1273,"khs.ssssBe","descriptor","libpadeldescriptor.CDK_KierHallSmartsDescriptor"
1274,"khs.ssBH","descriptor","libpadeldescriptor.CDK_KierHallSmartsDescriptor"
1275,"khs.sssB","descriptor","libpadeldescriptor.CDK_KierHallSmartsDescriptor"
1276,"khs.ssssB","descriptor","libpadeldescriptor.CDK_KierHallSmartsDescriptor"
1277,"khs.sCH3","descriptor","libpadeldescriptor.CDK_KierHallSmartsDescriptor"
1278,"khs.dCH2","descriptor","libpadeldescriptor.CDK_KierHallSmartsDescriptor"
1279,"khs.ssCH2","descriptor","libpadeldescriptor.CDK_KierHallSmartsDescriptor"
1280,"khs.tCH","descriptor","libpadeldescriptor.CDK_KierHallSmartsDescriptor"
1281,"khs.dsCH","descriptor","libpadeldescriptor.CDK_KierHallSmartsDescriptor"
1282,"khs.aaCH","descriptor","libpadeldescriptor.CDK_KierHallSmartsDescriptor"
1283,"khs.sssCH","descriptor","libpadeldescriptor.CDK_KierHallSmartsDescriptor"
1284,"khs.ddC","descriptor","libpadeldescriptor.CDK_KierHallSmartsDescriptor"
1285,"khs.tsC","descriptor","libpadeldescriptor.CDK_KierHallSmartsDescriptor"
1286,"khs.dssC","descriptor","libpadeldescriptor.CDK_KierHallSmartsDescriptor"
1287,"khs.aasC","descriptor","libpadeldescriptor.CDK_KierHallSmartsDescriptor"
1288,"khs.aaaC","descriptor","libpadeldescriptor.CDK_KierHallSmartsDescriptor"
1289,"khs.ssssC","descriptor","libpadeldescriptor.CDK_KierHallSmartsDescriptor"
1290,"khs.sNH3","descriptor","libpadeldescriptor.CDK_KierHallSmartsDescriptor"
1291,"khs.sNH2","descriptor","libpadeldescriptor.CDK_KierHallSmartsDescriptor"
1292,"khs.ssNH2","descriptor","libpadeldescriptor.CDK_KierHallSmartsDescriptor"
1293,"khs.dNH","descriptor","libpadeldescriptor.CDK_KierHallSmartsDescriptor"
1294,"khs.ssNH","descriptor","libpadeldescriptor.CDK_KierHallSmartsDescriptor"
1295,"khs.aaNH","descriptor","libpadeldescriptor.CDK_KierHallSmartsDescriptor"
1296,"khs.tN","descriptor","libpadeldescriptor.CDK_KierHallSmartsDescriptor"
1297,"khs.sssNH","descriptor","libpadeldescriptor.CDK_KierHallSmartsDescriptor"
1298,"khs.dsN","descriptor","libpadeldescriptor.CDK_KierHallSmartsDescriptor"
1299,"khs.aaN","descriptor","libpadeldescriptor.CDK_KierHallSmartsDescriptor"
1300,"khs.sssN","descriptor","libpadeldescriptor.CDK_KierHallSmartsDescriptor"
1301,"khs.ddsN","descriptor","libpadeldescriptor.CDK_KierHallSmartsDescriptor"
1302,"khs.aasN","descriptor","libpadeldescriptor.CDK_KierHallSmartsDescriptor"
1303,"khs.ssssN","descriptor","libpadeldescriptor.CDK_KierHallSmartsDescriptor"
1304,"khs.sOH","descriptor","libpadeldescriptor.CDK_KierHallSmartsDescriptor"
1305,"khs.dO","descriptor","libpadeldescriptor.CDK_KierHallSmartsDescriptor"
1306,"khs.ssO","descriptor","libpadeldescriptor.CDK_KierHallSmartsDescriptor"
1307,"khs.aaO","descriptor","libpadeldescriptor.CDK_KierHallSmartsDescriptor"
1308,"khs.sF","descriptor","libpadeldescriptor.CDK_KierHallSmartsDescriptor"
1309,"khs.sSiH3","descriptor","libpadeldescriptor.CDK_KierHallSmartsDescriptor"
1310,"khs.ssSiH2","descriptor","libpadeldescriptor.CDK_KierHallSmartsDescriptor"
1311,"khs.sssSiH","descriptor","libpadeldescriptor.CDK_KierHallSmartsDescriptor"
1312,"khs.ssssSi","descriptor","libpadeldescriptor.CDK_KierHallSmartsDescriptor"
1313,"khs.sPH2","descriptor","libpadeldescriptor.CDK_KierHallSmartsDescriptor"
1314,"khs.ssPH","descriptor","libpadeldescriptor.CDK_KierHallSmartsDescriptor"
1315,"khs.sssP","descriptor","libpadeldescriptor.CDK_KierHallSmartsDescriptor"
1316,"khs.dsssP","descriptor","libpadeldescriptor.CDK_KierHallSmartsDescriptor"
1317,"khs.sssssP","descriptor","libpadeldescriptor.CDK_KierHallSmartsDescriptor"
1318,"khs.sSH","descriptor","libpadeldescriptor.CDK_KierHallSmartsDescriptor"
1319,"khs.dS","descriptor","libpadeldescriptor.CDK_KierHallSmartsDescriptor"
1320,"khs.ssS","descriptor","libpadeldescriptor.CDK_KierHallSmartsDescriptor"
1321,"khs.aaS","descriptor","libpadeldescriptor.CDK_KierHallSmartsDescriptor"
1322,"khs.dssS","descriptor","libpadeldescriptor.CDK_KierHallSmartsDescriptor"
1323,"khs.ddssS","descriptor","libpadeldescriptor.CDK_KierHallSmartsDescriptor"
1324,"khs.sCl","descriptor","libpadeldescriptor.CDK_KierHallSmartsDescriptor"
1325,"khs.sGeH3","descriptor","libpadeldescriptor.CDK_KierHallSmartsDescriptor"
1326,"khs.ssGeH2","descriptor","libpadeldescriptor.CDK_KierHallSmartsDescriptor"
1327,"khs.sssGeH","descriptor","libpadeldescriptor.CDK_KierHallSmartsDescriptor"
1328,"khs.ssssGe","descriptor","libpadeldescriptor.CDK_KierHallSmartsDescriptor"
1329,"khs.sAsH2","descriptor","libpadeldescriptor.CDK_KierHallSmartsDescriptor"
1330,"khs.ssAsH","descriptor","libpadeldescriptor.CDK_KierHallSmartsDescriptor"
1331,"khs.sssAs","descriptor","libpadeldescriptor.CDK_KierHallSmartsDescriptor"
1332,"khs.sssdAs","descriptor","libpadeldescriptor.CDK_KierHallSmartsDescriptor"
1333,"khs.sssssAs","descriptor","libpadeldescriptor.CDK_KierHallSmartsDescriptor"
1334,"khs.sSeH","descriptor","libpadeldescriptor.CDK_KierHallSmartsDescriptor"
1335,"khs.dSe","descriptor","libpadeldescriptor.CDK_KierHallSmartsDescriptor"
1336,"khs.ssSe","descriptor","libpadeldescriptor.CDK_KierHallSmartsDescriptor"
1337,"khs.aaSe","descriptor","libpadeldescriptor.CDK_KierHallSmartsDescriptor"
1338,"khs.dssSe","descriptor","libpadeldescriptor.CDK_KierHallSmartsDescriptor"
1339,"khs.ddssSe","descriptor","libpadeldescriptor.CDK_KierHallSmartsDescriptor"
1340,"khs.sBr","descriptor","libpadeldescriptor.CDK_KierHallSmartsDescriptor"
1341,"khs.sSnH3","descriptor","libpadeldescriptor.CDK_KierHallSmartsDescriptor"
1342,"khs.ssSnH2","descriptor","libpadeldescriptor.CDK_KierHallSmartsDescriptor"
1343,"khs.sssSnH","descriptor","libpadeldescriptor.CDK_KierHallSmartsDescriptor"
1344,"khs.ssssSn","descriptor","libpadeldescriptor.CDK_KierHallSmartsDescriptor"
1345,"khs.sI","descriptor","libpadeldescriptor.CDK_KierHallSmartsDescriptor"
1346,"khs.sPbH3","descriptor","libpadeldescriptor.CDK_KierHallSmartsDescriptor"
1347,"khs.ssPbH2","descriptor","libpadeldescriptor.CDK_KierHallSmartsDescriptor"
1348,"khs.sssPbH","descriptor","libpadeldescriptor.CDK_KierHallSmartsDescriptor"
1349,"khs.ssssPb","descriptor","libpadeldescriptor.CDK_KierHallSmartsDescriptor"
1350,"nAtomLC","descriptor","libpadeldescriptor.CDK_LargestChainDescriptor"
1351,"nAtomP","descriptor","libpadeldescriptor.CDK_LargestPiSystemDescriptor"
1352,"nAtomLAC","descriptor","libpadeldescriptor.CDK_LongestAliphaticChainDescriptor"
1353,"MLogP","descriptor","libpadeldescriptor.CDK_MannholdLogPDescriptor"
1354,"McGowan_Volume","descriptor","libpadeldescriptor.CDK_McGowanVolumeDescriptor"
1355,"MDEC-11","descriptor","libpadeldescriptor.CDK_MDEDescriptor"
1356,"MDEC-12","descriptor","libpadeldescriptor.CDK_MDEDescriptor"
1357,"MDEC-13","descriptor","libpadeldescriptor.CDK_MDEDescriptor"
1358,"MDEC-14","descriptor","libpadeldescriptor.CDK_MDEDescriptor"
1359,"MDEC-22","descriptor","libpadeldescriptor.CDK_MDEDescriptor"
1360,"MDEC-23","descriptor","libpadeldescriptor.CDK_MDEDescriptor"
1361,"MDEC-24","descriptor","libpadeldescriptor.CDK_MDEDescriptor"
1362,"MDEC-33","descriptor","libpadeldescriptor.CDK_MDEDescriptor"
1363,"MDEC-34","descriptor","libpadeldescriptor.CDK_MDEDescriptor"
1364,"MDEC-44","descriptor","libpadeldescriptor.CDK_MDEDescriptor"
1365,"MDEO-11","descriptor","libpadeldescriptor.CDK_MDEDescriptor"
1366,"MDEO-12","descriptor","libpadeldescriptor.CDK_MDEDescriptor"
1367,"MDEO-22","descriptor","libpadeldescriptor.CDK_MDEDescriptor"
1368,"MDEN-11","descriptor","libpadeldescriptor.CDK_MDEDescriptor"
1369,"MDEN-12","descriptor","libpadeldescriptor.CDK_MDEDescriptor"
1370,"MDEN-13","descriptor","libpadeldescriptor.CDK_MDEDescriptor"
1371,"MDEN-22","descriptor","libpadeldescriptor.CDK_MDEDescriptor"
1372,"MDEN-23","descriptor","libpadeldescriptor.CDK_MDEDescriptor"
1373,"MDEN-33","descriptor","libpadeldescriptor.CDK_MDEDescriptor"
1374,"MLFER_A","descriptor","libpadeldescriptor.CDK_MLFERDescriptor"
1375,"MLFER_BH","descriptor","libpadeldescriptor.CDK_MLFERDescriptor"
1376,"MLFER_BO","descriptor","libpadeldescriptor.CDK_MLFERDescriptor"
1377,"MLFER_S","descriptor","libpadeldescriptor.CDK_MLFERDescriptor"
1378,"MLFER_E","descriptor","libpadeldescriptor.CDK_MLFERDescriptor"
1379,"MLFER_L","descriptor","libpadeldescriptor.CDK_MLFERDescriptor"
1380,"MPC2","descriptor","libpadeldescriptor.CDK_PathCountDescriptor"
1381,"MPC3","descriptor","libpadeldescriptor.CDK_PathCountDescriptor"
1382,"MPC4","descriptor","libpadeldescriptor.CDK_PathCountDescriptor"
1383,"MPC5","descriptor","libpadeldescriptor.CDK_PathCountDescriptor"
1384,"MPC6","descriptor","libpadeldescriptor.CDK_PathCountDescriptor"
1385,"MPC7","descriptor","libpadeldescriptor.CDK_PathCountDescriptor"
1386,"MPC8","descriptor","libpadeldescriptor.CDK_PathCountDescriptor"
1387,"MPC9","descriptor","libpadeldescriptor.CDK_PathCountDescriptor"
1388,"MPC10","descriptor","libpadeldescriptor.CDK_PathCountDescriptor"
1389,"TPC","descriptor","libpadeldescriptor.CDK_PathCountDescriptor"
1390,"piPC1","descriptor","libpadeldescriptor.CDK_PathCountDescriptor"
1391,"piPC2","descriptor","libpadeldescriptor.CDK_PathCountDescriptor"
1392,"piPC3","descriptor","libpadeldescriptor.CDK_PathCountDescriptor"
1393,"piPC4","descriptor","libpadeldescriptor.CDK_PathCountDescriptor"
1394,"piPC5","descriptor","libpadeldescriptor.CDK_PathCountDescriptor"
1395,"piPC6","descriptor","libpadeldescriptor.CDK_PathCountDescriptor"
1396,"piPC7","descriptor","libpadeldescriptor.CDK_PathCountDescriptor"
1397,"piPC8","descriptor","libpadeldescriptor.CDK_PathCountDescriptor"
1398,"piPC9","descriptor","libpadeldescriptor.CDK_PathCountDescriptor"
1399,"piPC10","descriptor","libpadeldescriptor.CDK_PathCountDescriptor"
1400,"TpiPC","descriptor","libpadeldescriptor.CDK_PathCountDescriptor"
1401,"R_TpiPCTPC","descriptor","libpadeldescriptor.CDK_PathCountDescriptor"
1402,"PetitjeanNumber","descriptor","libpadeldescriptor.CDK_PetitjeanNumberDescriptor"
1403,"nRing","descriptor","libpadeldescriptor.CDK_RingCountDescriptor"
1404,"n3Ring","descriptor","libpadeldescriptor.CDK_RingCountDescriptor"
1405,"n4Ring","descriptor","libpadeldescriptor.CDK_RingCountDescriptor"
1406,"n5Ring","descriptor","libpadeldescriptor.CDK_RingCountDescriptor"
1407,"n6Ring","descriptor","libpadeldescriptor.CDK_RingCountDescriptor"
1408,"n7Ring","descriptor","libpadeldescriptor.CDK_RingCountDescriptor"
1409,"n8Ring","descriptor","libpadeldescriptor.CDK_RingCountDescriptor"
1410,"n9Ring","descriptor","libpadeldescriptor.CDK_RingCountDescriptor"
1411,"n10Ring","descriptor","libpadeldescriptor.CDK_RingCountDescriptor"
1412,"n11Ring","descriptor","libpadeldescriptor.CDK_RingCountDescriptor"
1413,"n12Ring","descriptor","libpadeldescriptor.CDK_RingCountDescriptor"
1414,"nG12Ring","descriptor","libpadeldescriptor.CDK_RingCountDescriptor"
1415,"nFRing","descriptor","libpadeldescriptor.CDK_RingCountDescriptor"
1416,"nF4Ring","descriptor","libpadeldescriptor.CDK_RingCountDescriptor"
1417,"nF5Ring","descriptor","libpadeldescriptor.CDK_RingCountDescriptor"
1418,"nF6Ring","descriptor","libpadeldescriptor.CDK_RingCountDescriptor"
1419,"nF7Ring","descriptor","libpadeldescriptor.CDK_RingCountDescriptor"
1420,"nF8Ring","descriptor","libpadeldescriptor.CDK_RingCountDescriptor"
1421,"nF9Ring","descriptor","libpadeldescriptor.CDK_RingCountDescriptor"
1422,"nF10Ring","descriptor","libpadeldescriptor.CDK_RingCountDescriptor"
1423,"nF11Ring","descriptor","libpadeldescriptor.CDK_RingCountDescriptor"
1424,"nF12Ring","descriptor","libpadeldescriptor.CDK_RingCountDescriptor"
1425,"nFG12Ring","descriptor","libpadeldescriptor.CDK_RingCountDescriptor"
1426,"nTRing","descriptor","libpadeldescriptor.CDK_RingCountDescriptor"
1427,"nT4Ring","descriptor","libpadeldescriptor.CDK_RingCountDescriptor"
1428,"nT5Ring","descriptor","libpadeldescriptor.CDK_RingCountDescriptor"
1429,"nT6Ring","descriptor","libpadeldescriptor.CDK_RingCountDescriptor"
1430,"nT7Ring","descriptor","libpadeldescriptor.CDK_RingCountDescriptor"
1431,"nT8Ring","descriptor","libpadeldescriptor.CDK_RingCountDescriptor"
1432,"nT9Ring","descriptor","libpadeldescriptor.CDK_RingCountDescriptor"
1433,"nT10Ring","descriptor","libpadeldescriptor.CDK_RingCountDescriptor"
1434,"nT11Ring","descriptor","libpadeldescriptor.CDK_RingCountDescriptor"
1435,"nT12Ring","descriptor","libpadeldescriptor.CDK_RingCountDescriptor"
1436,"nTG12Ring","descriptor","libpadeldescriptor.CDK_RingCountDescriptor"
1437,"nHeteroRing","descriptor","libpadeldescriptor.CDK_RingCountDescriptor"
1438,"n3HeteroRing","descriptor","libpadeldescriptor.CDK_RingCountDescriptor"
1439,"n4HeteroRing","descriptor","libpadeldescriptor.CDK_RingCountDescriptor"
1440,"n5HeteroRing","descriptor","libpadeldescriptor.CDK_RingCountDescriptor"
1441,"n6HeteroRing","descriptor","libpadeldescriptor.CDK_RingCountDescriptor"
1442,"n7HeteroRing","descriptor","libpadeldescriptor.CDK_RingCountDescriptor"
1443,"n8HeteroRing","descriptor","libpadeldescriptor.CDK_RingCountDescriptor"
1444,"n9HeteroRing","descriptor","libpadeldescriptor.CDK_RingCountDescriptor"
1445,"n10HeteroRing","descriptor","libpadeldescriptor.CDK_RingCountDescriptor"
1446,"n11HeteroRing","descriptor","libpadeldescriptor.CDK_RingCountDescriptor"
1447,"n12HeteroRing","descriptor","libpadeldescriptor.CDK_RingCountDescriptor"
1448,"nG12HeteroRing","descriptor","libpadeldescriptor.CDK_RingCountDescriptor"
1449,"nFHeteroRing","descriptor","libpadeldescriptor.CDK_RingCountDescriptor"
1450,"nF4HeteroRing","descriptor","libpadeldescriptor.CDK_RingCountDescriptor"
1451,"nF5HeteroRing","descriptor","libpadeldescriptor.CDK_RingCountDescriptor"
1452,"nF6HeteroRing","descriptor","libpadeldescriptor.CDK_RingCountDescriptor"
1453,"nF7HeteroRing","descriptor","libpadeldescriptor.CDK_RingCountDescriptor"
1454,"nF8HeteroRing","descriptor","libpadeldescriptor.CDK_RingCountDescriptor"
1455,"nF9HeteroRing","descriptor","libpadeldescriptor.CDK_RingCountDescriptor"
1456,"nF10HeteroRing","descriptor","libpadeldescriptor.CDK_RingCountDescriptor"
1457,"nF11HeteroRing","descriptor","libpadeldescriptor.CDK_RingCountDescriptor"
1458,"nF12HeteroRing","descriptor","libpadeldescriptor.CDK_RingCountDescriptor"
1459,"nFG12HeteroRing","descriptor","libpadeldescriptor.CDK_RingCountDescriptor"
1460,"nTHeteroRing","descriptor","libpadeldescriptor.CDK_RingCountDescriptor"
1461,"nT4HeteroRing","descriptor","libpadeldescriptor.CDK_RingCountDescriptor"
1462,"nT5HeteroRing","descriptor","libpadeldescriptor.CDK_RingCountDescriptor"
1463,"nT6HeteroRing","descriptor","libpadeldescriptor.CDK_RingCountDescriptor"
1464,"nT7HeteroRing","descriptor","libpadeldescriptor.CDK_RingCountDescriptor"
1465,"nT8HeteroRing","descriptor","libpadeldescriptor.CDK_RingCountDescriptor"
1466,"nT9HeteroRing","descriptor","libpadeldescriptor.CDK_RingCountDescriptor"
1467,"nT10HeteroRing","descriptor","libpadeldescriptor.CDK_RingCountDescriptor"
1468,"nT11HeteroRing","descriptor","libpadeldescriptor.CDK_RingCountDescriptor"
1469,"nT12HeteroRing","descriptor","libpadeldescriptor.CDK_RingCountDescriptor"
1470,"nTG12HeteroRing","descriptor","libpadeldescriptor.CDK_RingCountDescriptor"
1471,"nRotB","descriptor","libpadeldescriptor.CDK_RotatableBondsCountDescriptor"
1472,"RotBFrac","descriptor","libpadeldescriptor.CDK_RotatableBondsCountDescriptor"
1473,"nRotBt","descriptor","libpadeldescriptor.CDK_RotatableBondsCountDescriptor"
1474,"RotBtFrac","descriptor","libpadeldescriptor.CDK_RotatableBondsCountDescriptor"
1475,"LipinskiFailures","descriptor","libpadeldescriptor.CDK_RuleOfFiveDescriptor"
1476,"topoRadius","descriptor","libpadeldescriptor.CDK_TopologicalDescriptor"
1477,"topoDiameter","descriptor","libpadeldescriptor.CDK_TopologicalDescriptor"
1478,"topoShape","descriptor","libpadeldescriptor.CDK_TopologicalDescriptor"
1479,"GGI1","descriptor","libpadeldescriptor.CDK_TopologicalChargeDescriptor"
1480,"GGI2","descriptor","libpadeldescriptor.CDK_TopologicalChargeDescriptor"
1481,"GGI3","descriptor","libpadeldescriptor.CDK_TopologicalChargeDescriptor"
1482,"GGI4","descriptor","libpadeldescriptor.CDK_TopologicalChargeDescriptor"
1483,"GGI5","descriptor","libpadeldescriptor.CDK_TopologicalChargeDescriptor"
1484,"GGI6","descriptor","libpadeldescriptor.CDK_TopologicalChargeDescriptor"
1485,"GGI7","descriptor","libpadeldescriptor.CDK_TopologicalChargeDescriptor"
1486,"GGI8","descriptor","libpadeldescriptor.CDK_TopologicalChargeDescriptor"
1487,"GGI9","descriptor","libpadeldescriptor.CDK_TopologicalChargeDescriptor"
1488,"GGI10","descriptor","libpadeldescriptor.CDK_TopologicalChargeDescriptor"
1489,"JGI1","descriptor","libpadeldescriptor.CDK_TopologicalChargeDescriptor"
1490,"JGI2","descriptor","libpadeldescriptor.CDK_TopologicalChargeDescriptor"
1491,"JGI3","descriptor","libpadeldescriptor.CDK_TopologicalChargeDescriptor"
1492,"JGI4","descriptor","libpadeldescriptor.CDK_TopologicalChargeDescriptor"
1493,"JGI5","descriptor","libpadeldescriptor.CDK_TopologicalChargeDescriptor"
1494,"JGI6","descriptor","libpadeldescriptor.CDK_TopologicalChargeDescriptor"
1495,"JGI7","descriptor","libpadeldescriptor.CDK_TopologicalChargeDescriptor"
1496,"JGI8","descriptor","libpadeldescriptor.CDK_TopologicalChargeDescriptor"
1497,"JGI9","descriptor","libpadeldescriptor.CDK_TopologicalChargeDescriptor"
1498,"JGI10","descriptor","libpadeldescriptor.CDK_TopologicalChargeDescriptor"
1499,"JGT","descriptor","libpadeldescriptor.CDK_TopologicalChargeDescriptor"
1500,"SpMax_D","descriptor","libpadeldescriptor.CDK_TopologicalDistanceMatrixDescriptor"
1501,"SpDiam_D","descriptor","libpadeldescriptor.CDK_TopologicalDistanceMatrixDescriptor"
1502,"SpAD_D","descriptor","libpadeldescriptor.CDK_TopologicalDistanceMatrixDescriptor"
1503,"SpMAD_D","descriptor","libpadeldescriptor.CDK_TopologicalDistanceMatrixDescriptor"
1504,"EE_D","descriptor","libpadeldescriptor.CDK_TopologicalDistanceMatrixDescriptor"
1505,"VE1_D","descriptor","libpadeldescriptor.CDK_TopologicalDistanceMatrixDescriptor"
1506,"VE2_D","descriptor","libpadeldescriptor.CDK_TopologicalDistanceMatrixDescriptor"
1507,"VE3_D","descriptor","libpadeldescriptor.CDK_TopologicalDistanceMatrixDescriptor"
1508,"VR1_D","descriptor","libpadeldescriptor.CDK_TopologicalDistanceMatrixDescriptor"
1509,"VR2_D","descriptor","libpadeldescriptor.CDK_TopologicalDistanceMatrixDescriptor"
1510,"VR3_D","descriptor","libpadeldescriptor.CDK_TopologicalDistanceMatrixDescriptor"
1511,"TopoPSA","descriptor","libpadeldescriptor.CDK_TPSADescriptor"
1512,"VABC","descriptor","libpadeldescriptor.CDK_VABCDescriptor"
1513,"VAdjMat","descriptor","libpadeldescriptor.CDK_VAdjMaDescriptor"
1514,"MWC2","descriptor","libpadeldescriptor.CDK_WalkCountDescriptor"
1515,"MWC3","descriptor","libpadeldescriptor.CDK_WalkCountDescriptor"
1516,"MWC4","descriptor","libpadeldescriptor.CDK_WalkCountDescriptor"
1517,"MWC5","descriptor","libpadeldescriptor.CDK_WalkCountDescriptor"
1518,"MWC6","descriptor","libpadeldescriptor.CDK_WalkCountDescriptor"
1519,"MWC7","descriptor","libpadeldescriptor.CDK_WalkCountDescriptor"
1520,"MWC8","descriptor","libpadeldescriptor.CDK_WalkCountDescriptor"
1521,"MWC9","descriptor","libpadeldescriptor.CDK_WalkCountDescriptor"
1522,"MWC10","descriptor","libpadeldescriptor.CDK_WalkCountDescriptor"
1523,"TWC","descriptor","libpadeldescriptor.CDK_WalkCountDescriptor"
1524,"SRW2","descriptor","libpadeldescriptor.CDK_WalkCountDescriptor"
1525,"SRW3","descriptor","libpadeldescriptor.CDK_WalkCountDescriptor"
1526,"SRW4","descriptor","libpadeldescriptor.CDK_WalkCountDescriptor"
1527,"SRW5","descriptor","libpadeldescriptor.CDK_WalkCountDescriptor"
1528,"SRW6","descriptor","libpadeldescriptor.CDK_WalkCountDescriptor"
1529,"SRW7","descriptor","libpadeldescriptor.CDK_WalkCountDescriptor"
1530,"SRW8","descriptor","libpadeldescriptor.CDK_WalkCountDescriptor"
1531,"SRW9","descriptor","libpadeldescriptor.CDK_WalkCountDescriptor"
1532,"SRW10","descriptor","libpadeldescriptor.CDK_WalkCountDescriptor"
1533,"TSRW","descriptor","libpadeldescriptor.CDK_WalkCountDescriptor"
1534,"MW","descriptor","libpadeldescriptor.CDK_WeightDescriptor"
1535,"AMW","descriptor","libpadeldescriptor.CDK_WeightDescriptor"
1536,"WTPT-1","descriptor","libpadeldescriptor.CDK_WeightedPathDescriptor"
1537,"WTPT-2","descriptor","libpadeldescriptor.CDK_WeightedPathDescriptor"
1538,"WTPT-3","descriptor","libpadeldescriptor.CDK_WeightedPathDescriptor"
1539,"WTPT-4","descriptor","libpadeldescriptor.CDK_WeightedPathDescriptor"
1540,"WTPT-5","descriptor","libpadeldescriptor.CDK_WeightedPathDescriptor"
1541,"WPATH","descriptor","libpadeldescriptor.CDK_WienerNumbersDescriptor"
1542,"WPOL","descriptor","libpadeldescriptor.CDK_WienerNumbersDescriptor"
1543,"XLogP","descriptor","libpadeldescriptor.CDK_XLogPDescriptor"
1544,"Zagreb","descriptor","libpadeldescriptor.CDK_ZagrebIndexDescriptor"
