Index,Name,FamilyKind,Implementation
1,"nAcid","descriptor","libpadeldescriptor.CDK_AcidicGroupCountDescriptor"
2,"ALogP","descriptor","libpadeldescriptor.CDK_ALOGPDescriptor"
3,"ALogp2","descriptor","libpadeldescriptor.CDK_ALOGPDescriptor"
4,"AMR","descriptor","libpadeldescriptor.CDK_ALOGPDescriptor"
5,"apol","descriptor","libpadeldescriptor.CDK_APolDescriptor"
6,"naAromAtom","descriptor","libpadeldescriptor.CDK_AromaticAtomsCountDescriptor"
7,"nAromBond","descriptor","libpadeldescriptor.CDK_AromaticBondsCountDescriptor"
8,"nAtom","descriptor","libpadeldescriptor.CDK_AtomCountDescriptor"
9,"nHeavyAtom","descriptor","libpadeldescriptor.CDK_HeavyAtomCountDescriptor"
10,"nH","descriptor","libpadeldescriptor.CDK_AtomCountDescriptor"
11,"nB","descriptor","libpadeldescriptor.CDK_AtomCountDescriptor"
12,"nC","descriptor","libpadeldescriptor.CDK_AtomCountDescriptor"
13,"nN","descriptor","libpadeldescriptor.CDK_AtomCountDescriptor"
14,"nO","descriptor","libpadeldescriptor.CDK_AtomCountDescriptor"
15,"nS","descriptor","libpadeldescriptor.CDK_AtomCountDescriptor"
16,"nP","descriptor","libpadeldescriptor.CDK_AtomCountDescriptor"
17,"nF","descriptor","libpadeldescriptor.CDK_HalogenCountDescriptor"
18,"nCl","descriptor","libpadeldescriptor.CDK_HalogenCountDescriptor"
19,"nBr","descriptor","libpadeldescriptor.CDK_HalogenCountDescriptor"
20,"nI","descriptor","libpadeldescriptor.CDK_HalogenCountDescriptor"
21,"nX","descriptor","libpadeldescriptor.CDK_HalogenCountDescriptor"
22,"ATS0m","descriptor","libpadeldescriptor.CDK_AutocorrelationDescriptor"
23,"ATS1m","descriptor","libpadeldescriptor.CDK_AutocorrelationDescriptor"
24,"ATS2m","descriptor","libpadeldescriptor.CDK_AutocorrelationDescriptor"
25,"ATS3m","descriptor","libpadeldescriptor.CDK_AutocorrelationDescriptor"
26,"ATS4m","descriptor","libpadeldescriptor.CDK_AutocorrelationDescriptor"
27,"ATS5m","descriptor","libpadeldescriptor.CDK_AutocorrelationDescriptor"
28,"ATS6m","descriptor","libpadeldescriptor.CDK_AutocorrelationDescriptor"
29,"ATS7m","descriptor","libpadeldescriptor.CDK_AutocorrelationDescriptor"
30,"ATS8m","descriptor","libpadeldescriptor.CDK_AutocorrelationDescriptor"
31,"ATS0v","descriptor","libpadeldescriptor.CDK_AutocorrelationDescriptor"
32,"ATS1v","descriptor","libpadeldescriptor.CDK_AutocorrelationDescriptor"
33,"ATS2v","descriptor","libpadeldescriptor.CDK_AutocorrelationDescriptor"
34,"ATS3v","descriptor","libpadeldescriptor.CDK_AutocorrelationDescriptor"
35,"ATS4v","descriptor","libpadeldescriptor.CDK_AutocorrelationDescriptor"
36,"ATS5v","descriptor","libpadeldescriptor.CDK_AutocorrelationDescriptor"
37,"ATS6v","descriptor","libpadeldescriptor.CDK_AutocorrelationDescriptor"
38,"ATS7v","descriptor","libpadeldescriptor.CDK_AutocorrelationDescriptor"
39,"ATS8v","descriptor","libpadeldescriptor.CDK_AutocorrelationDescriptor"
40,"ATS0e","descriptor","libpadeldescriptor.CDK_AutocorrelationDescriptor"
41,"ATS1e","descriptor","libpadeldescriptor.CDK_AutocorrelationDescriptor"
42,"ATS2e","descriptor","libpadeldescriptor.CDK_AutocorrelationDescriptor"
43,"ATS3e","descriptor","libpadeldescriptor.CDK_AutocorrelationDescriptor"
44,"ATS4e","descriptor","libpadeldescriptor.CDK_AutocorrelationDescriptor"
45,"ATS5e","descriptor","libpadeldescriptor.CDK_AutocorrelationDescriptor"
46,"ATS6e","descriptor","libpadeldescriptor.CDK_AutocorrelationDescriptor"
47,"ATS7e","descriptor","libpadeldescriptor.CDK_AutocorrelationDescriptor"
48,"ATS8e","descriptor","libpadeldescriptor.CDK_AutocorrelationDescriptor"
49,"ATS0p","descriptor","libpadeldescriptor.CDK_AutocorrelationDescriptor"
50,"ATS1p","descriptor","libpadeldescriptor.CDK_AutocorrelationDescriptor"
51,"ATS2p","descriptor","libpadeldescriptor.CDK_AutocorrelationDescriptor"
52,"ATS3p","descriptor","libpadeldescriptor.CDK_AutocorrelationDescriptor"
53,"ATS4p","descriptor","libpadeldescriptor.CDK_AutocorrelationDescriptor"
54,"ATS5p","descriptor","libpadeldescriptor.CDK_AutocorrelationDescriptor"
55,"ATS6p","descriptor","libpadeldescriptor.CDK_AutocorrelationDescriptor"
56,"ATS7p","descriptor","libpadeldescriptor.CDK_AutocorrelationDescriptor"
57,"ATS8p","descriptor","libpadeldescriptor.CDK_AutocorrelationDescriptor"
58,"ATS0i","descriptor","libpadeldescriptor.CDK_AutocorrelationDescriptor"
59,"ATS1i","descriptor","libpadeldescriptor.CDK_AutocorrelationDescriptor"
60,"ATS2i","descriptor","libpadeldescriptor.CDK_AutocorrelationDescriptor"
61,"ATS3i","descriptor","libpadeldescriptor.CDK_AutocorrelationDescriptor"
62,"ATS4i","descriptor","libpadeldescriptor.CDK_AutocorrelationDescriptor"
63,"ATS5i","descriptor","libpadeldescriptor.CDK_AutocorrelationDescriptor"
64,"ATS6i","descriptor","libpadeldescriptor.CDK_AutocorrelationDescriptor"
65,"ATS7i","descriptor","libpadeldescriptor.CDK_AutocorrelationDescriptor"
66,"ATS8i","descriptor","libpadeldescriptor.CDK_AutocorrelationDescriptor"
67,"ATS0s","descriptor","libpadeldescriptor.CDK_AutocorrelationDescriptor"
68,"ATS1s","descriptor","libpadeldescriptor.CDK_AutocorrelationDescriptor"
69,"ATS2s","descriptor","libpadeldescriptor.CDK_AutocorrelationDescriptor"
70,"ATS3s","descriptor","libpadeldescriptor.CDK_AutocorrelationDescriptor"
71,"ATS4s","descriptor","libpadeldescriptor.CDK_AutocorrelationDescriptor"
72,"ATS5s","descriptor","libpadeldescriptor.CDK_AutocorrelationDescriptor"
73,"ATS6s","descriptor","libpadeldescriptor.CDK_AutocorrelationDescriptor"
74,"ATS7s","descriptor","libpadeldescriptor.CDK_AutocorrelationDescriptor"
75,"ATS8s","descriptor","libpadeldescriptor.CDK_AutocorrelationDescriptor"
76,"AATS0m","descriptor","libpadeldescriptor.CDK_AutocorrelationDescriptor"
77,"AATS1m","descriptor","libpadeldescriptor.CDK_AutocorrelationDescriptor"
78,"AATS2m","descriptor","libpadeldescriptor.CDK_AutocorrelationDescriptor"
79,"AATS3m","descriptor","libpadeldescriptor.CDK_AutocorrelationDescriptor"
80,"AATS4m","descriptor","libpadeldescriptor.CDK_AutocorrelationDescriptor"
81,"AATS5m","descriptor","libpadeldescriptor.CDK_AutocorrelationDescriptor"
82,"AATS6m","descriptor","libpadeldescriptor.CDK_AutocorrelationDescriptor"
83,"AATS7m","descriptor","libpadeldescriptor.CDK_AutocorrelationDescriptor"
84,"AATS8m","descriptor","libpadeldescriptor.CDK_AutocorrelationDescriptor"
85,"AATS0v","descriptor","libpadeldescriptor.CDK_AutocorrelationDescriptor"
86,"AATS1v","descriptor","libpadeldescriptor.CDK_AutocorrelationDescriptor"
87,"AATS2v","descriptor","libpadeldescriptor.CDK_AutocorrelationDescriptor"
88,"AATS3v","descriptor","libpadeldescriptor.CDK_AutocorrelationDescriptor"
89,"AATS4v","descriptor","libpadeldescriptor.CDK_AutocorrelationDescriptor"
90,"AATS5v","descriptor","libpadeldescriptor.CDK_AutocorrelationDescriptor"
91,"AATS6v","descriptor","libpadeldescriptor.CDK_AutocorrelationDescriptor"
92,"AATS7v","descriptor","libpadeldescriptor.CDK_AutocorrelationDescriptor"
93,"AATS8v","descriptor","libpadeldescriptor.CDK_AutocorrelationDescriptor"
94,"AATS0e","descriptor","libpadeldescriptor.CDK_AutocorrelationDescriptor"
95,"AATS1e","descriptor","libpadeldescriptor.CDK_AutocorrelationDescriptor"
96,"AATS2e","descriptor","libpadeldescriptor.CDK_AutocorrelationDescriptor"
97,"AATS3e","descriptor","libpadeldescriptor.CDK_AutocorrelationDescriptor"
98,"AATS4e","descriptor","libpadeldescriptor.CDK_AutocorrelationDescriptor"
99,"AATS5e","descriptor","libpadeldescriptor.CDK_AutocorrelationDescriptor"
100,"AATS6e","descriptor","libpadeldescriptor.CDK_AutocorrelationDescriptor"
101,"AATS7e","descriptor","libpadeldescriptor.CDK_AutocorrelationDescriptor"
102,"AATS8e","descriptor","libpadeldescriptor.CDK_AutocorrelationDescriptor"
103,"AATS0p","descriptor","libpadeldescriptor.CDK_AutocorrelationDescriptor"
104,"AATS1p","descriptor","libpadeldescriptor.CDK_AutocorrelationDescriptor"
105,"AATS2p","descriptor","libpadeldescriptor.CDK_AutocorrelationDescriptor"
106,"AATS3p","descriptor","libpadeldescriptor.CDK_AutocorrelationDescriptor"
107,"AATS4p","descriptor","libpadeldescriptor.CDK_AutocorrelationDescriptor"
108,"AATS5p","descriptor","libpadeldescriptor.CDK_AutocorrelationDescriptor"
109,"AATS6p","descriptor","libpadeldescriptor.CDK_AutocorrelationDescriptor"
110,"AATS7p","descriptor","libpadeldescriptor.CDK_AutocorrelationDescriptor"
111,"AATS8p","descriptor","libpadeldescriptor.CDK_AutocorrelationDescriptor"
112,"AATS0i","descriptor","libpadeldescriptor.CDK_AutocorrelationDescriptor"
113,"AATS1i","descriptor","libpadeldescriptor.CDK_AutocorrelationDescriptor"
114,"AATS2i","descriptor","libpadeldescriptor.CDK_AutocorrelationDescriptor"
115,"AATS3i","descriptor","libpadeldescriptor.CDK_AutocorrelationDescriptor"
116,"AATS4i","descriptor","libpadeldescriptor.CDK_AutocorrelationDescriptor"
117,"AATS5i","descriptor","libpadeldescriptor.CDK_AutocorrelationDescriptor"
118,"AATS6i","descriptor","libpadeldescriptor.CDK_AutocorrelationDescriptor"
119,"AATS7i","descriptor","libpadeldescriptor.CDK_AutocorrelationDescriptor"
120,"AATS8i","descriptor","libpadeldescriptor.CDK_AutocorrelationDescriptor"
121,"AATS0s","descriptor","libpadeldescriptor.CDK_AutocorrelationDescriptor"
122,"AATS1s","descriptor","libpadeldescriptor.CDK_AutocorrelationDescriptor"
123,"AATS2s","descriptor","libpadeldescriptor.CDK_AutocorrelationDescriptor"
124,"AATS3s","descriptor","libpadeldescriptor.CDK_AutocorrelationDescriptor"
125,"AATS4s","descriptor","libpadeldescriptor.CDK_AutocorrelationDescriptor"
126,"AATS5s","descriptor","libpadeldescriptor.CDK_AutocorrelationDescriptor"
127,"AATS6s","descriptor","libpadeldescriptor.CDK_AutocorrelationDescriptor"
128,"AATS7s","descriptor","libpadeldescriptor.CDK_AutocorrelationDescriptor"
129,"AATS8s","descriptor","libpadeldescriptor.CDK_AutocorrelationDescriptor"
130,"ATSC0c","descriptor","libpadeldescriptor.CDK_AutocorrelationDescriptor"
131,"ATSC1c","descriptor","libpadeldescriptor.CDK_AutocorrelationDescriptor"
132,"ATSC2c","descriptor","libpadeldescriptor.CDK_AutocorrelationDescriptor"
133,"ATSC3c","descriptor","libpadeldescriptor.CDK_AutocorrelationDescriptor"
134,"ATSC4c","descriptor","libpadeldescriptor.CDK_AutocorrelationDescriptor"
135,"ATSC5c","descriptor","libpadeldescriptor.CDK_AutocorrelationDescriptor"
136,"ATSC6c","descriptor","libpadeldescriptor.CDK_AutocorrelationDescriptor"
137,"ATSC7c","descriptor","libpadeldescriptor.CDK_AutocorrelationDescriptor"
138,"ATSC8c","descriptor","libpadeldescriptor.CDK_AutocorrelationDescriptor"
139,"ATSC0m","descriptor","libpadeldescriptor.CDK_AutocorrelationDescriptor"
140,"ATSC1m","descriptor","libpadeldescriptor.CDK_AutocorrelationDescriptor"
141,"ATSC2m","descriptor","libpadeldescriptor.CDK_AutocorrelationDescriptor"
142,"ATSC3m","descriptor","libpadeldescriptor.CDK_AutocorrelationDescriptor"
143,"ATSC4m","descriptor","libpadeldescriptor.CDK_AutocorrelationDescriptor"
144,"ATSC5m","descriptor","libpadeldescriptor.CDK_AutocorrelationDescriptor"
145,"ATSC6m","descriptor","libpadeldescriptor.CDK_AutocorrelationDescriptor"
146,"ATSC7m","descriptor","libpadeldescriptor.CDK_AutocorrelationDescriptor"
147,"ATSC8m","descriptor","libpadeldescriptor.CDK_AutocorrelationDescriptor"
148,"ATSC0v","descriptor","libpadeldescriptor.CDK_AutocorrelationDescriptor"
149,"ATSC1v","descriptor","libpadeldescriptor.CDK_AutocorrelationDescriptor"
150,"ATSC2v","descriptor","libpadeldescriptor.CDK_AutocorrelationDescriptor"
151,"ATSC3v","descriptor","libpadeldescriptor.CDK_AutocorrelationDescriptor"
152,"ATSC4v","descriptor","libpadeldescriptor.CDK_AutocorrelationDescriptor"
153,"ATSC5v","descriptor","libpadeldescriptor.CDK_AutocorrelationDescriptor"
154,"ATSC6v","descriptor","libpadeldescriptor.CDK_AutocorrelationDescriptor"
155,"ATSC7v","descriptor","libpadeldescriptor.CDK_AutocorrelationDescriptor"
156,"ATSC8v","descriptor","libpadeldescriptor.CDK_AutocorrelationDescriptor"
157,"ATSC0e","descriptor","libpadeldescriptor.CDK_AutocorrelationDescriptor"
158,"ATSC1e","descriptor","libpadeldescriptor.CDK_AutocorrelationDescriptor"
159,"ATSC2e","descriptor","libpadeldescriptor.CDK_AutocorrelationDescriptor"
160,"ATSC3e","descriptor","libpadeldescriptor.CDK_AutocorrelationDescriptor"
161,"ATSC4e","descriptor","libpadeldescriptor.CDK_AutocorrelationDescriptor"
162,"ATSC5e","descriptor","libpadeldescriptor.CDK_AutocorrelationDescriptor"
163,"ATSC6e","descriptor","libpadeldescriptor.CDK_AutocorrelationDescriptor"
164,"ATSC7e","descriptor","libpadeldescriptor.CDK_AutocorrelationDescriptor"
165,"ATSC8e","descriptor","libpadeldescriptor.CDK_AutocorrelationDescriptor"
166,"ATSC0p","descriptor","libpadeldescriptor.CDK_AutocorrelationDescriptor"
167,"ATSC1p","descriptor","libpadeldescriptor.CDK_AutocorrelationDescriptor"
168,"ATSC2p","descriptor","libpadeldescriptor.CDK_AutocorrelationDescriptor"
169,"ATSC3p","descriptor","libpadeldescriptor.CDK_AutocorrelationDescriptor"
170,"ATSC4p","descriptor","libpadeldescriptor.CDK_AutocorrelationDescriptor"
171,"ATSC5p","descriptor","libpadeldescriptor.CDK_AutocorrelationDescriptor"
172,"ATSC6p","descriptor","libpadeldescriptor.CDK_AutocorrelationDescriptor"
173,"ATSC7p","descriptor","libpadeldescriptor.CDK_AutocorrelationDescriptor"
174,"ATSC8p","descriptor","libpadeldescriptor.CDK_AutocorrelationDescriptor"
175,"ATSC0i","descriptor","libpadeldescriptor.CDK_AutocorrelationDescriptor"
176,"ATSC1i","descriptor","libpadeldescriptor.CDK_AutocorrelationDescriptor"
177,"ATSC2i","descriptor","libpadeldescriptor.CDK_AutocorrelationDescriptor"
178,"ATSC3i","descriptor","libpadeldescriptor.CDK_AutocorrelationDescriptor"
179,"ATSC4i","descriptor","libpadeldescriptor.CDK_AutocorrelationDescriptor"
180,"ATSC5i","descriptor","libpadeldescriptor.CDK_AutocorrelationDescriptor"
181,"ATSC6i","descriptor","libpadeldescriptor.CDK_AutocorrelationDescriptor"
182,"ATSC7i","descriptor","libpadeldescriptor.CDK_AutocorrelationDescriptor"
183,"ATSC8i","descriptor","libpadeldescriptor.CDK_AutocorrelationDescriptor"
184,"ATSC0s","descriptor","libpadeldescriptor.CDK_AutocorrelationDescriptor"
185,"ATSC1s","descriptor","libpadeldescriptor.CDK_AutocorrelationDescriptor"
186,"ATSC2s","descriptor","libpadeldescriptor.CDK_AutocorrelationDescriptor"
187,"ATSC3s","descriptor","libpadeldescriptor.CDK_AutocorrelationDescriptor"
188,"ATSC4s","descriptor","libpadeldescriptor.CDK_AutocorrelationDescriptor"
189,"ATSC5s","descriptor","libpadeldescriptor.CDK_AutocorrelationDescriptor"
190,"ATSC6s","descriptor","libpadeldescriptor.CDK_AutocorrelationDescriptor"
191,"ATSC7s","descriptor","libpadeldescriptor.CDK_AutocorrelationDescriptor"
192,"ATSC8s","descriptor","libpadeldescriptor.CDK_AutocorrelationDescriptor"
193,"AATSC0c","descriptor","libpadeldescriptor.CDK_AutocorrelationDescriptor"
194,"AATSC1c","descriptor","libpadeldescriptor.CDK_AutocorrelationDescriptor"
195,"AATSC2c","descriptor","libpadeldescriptor.CDK_AutocorrelationDescriptor"
196,"AATSC3c","descriptor","libpadeldescriptor.CDK_AutocorrelationDescriptor"
197,"AATSC4c","descriptor","libpadeldescriptor.CDK_AutocorrelationDescriptor"
198,"AATSC5c","descriptor","libpadeldescriptor.CDK_AutocorrelationDescriptor"
199,"AATSC6c","descriptor","libpadeldescriptor.CDK_AutocorrelationDescriptor"
200,"AATSC7c","descriptor","libpadeldescriptor.CDK_AutocorrelationDescriptor"
201,"AATSC8c","descriptor","libpadeldescriptor.CDK_AutocorrelationDescriptor"
202,"AATSC0m","descriptor","libpadeldescriptor.CDK_AutocorrelationDescriptor"
203,"AATSC1m","descriptor","libpadeldescriptor.CDK_AutocorrelationDescriptor"
204,"AATSC2m","descriptor","libpadeldescriptor.CDK_AutocorrelationDescriptor"
205,"AATSC3m","descriptor","libpadeldescriptor.CDK_AutocorrelationDescriptor"
206,"AATSC4m","descriptor","libpadeldescriptor.CDK_AutocorrelationDescriptor"
207,"AATSC5m","descriptor","libpadeldescriptor.CDK_AutocorrelationDescriptor"
208,"AATSC6m","descriptor","libpadeldescriptor.CDK_AutocorrelationDescriptor"
209,"AATSC7m","descriptor","libpadeldescriptor.CDK_AutocorrelationDescriptor"
210,"AATSC8m","descriptor","libpadeldescriptor.CDK_AutocorrelationDescriptor"
211,"AATSC0v","descriptor","libpadeldescriptor.CDK_AutocorrelationDescriptor"
212,"AATSC1v","descriptor","libpadeldescriptor.CDK_AutocorrelationDescriptor"
213,"AATSC2v","descriptor","libpadeldescriptor.CDK_AutocorrelationDescriptor"
214,"AATSC3v","descriptor","libpadeldescriptor.CDK_AutocorrelationDescriptor"
215,"AATSC4v","descriptor","libpadeldescriptor.CDK_AutocorrelationDescriptor"
216,"AATSC5v","descriptor","libpadeldescriptor.CDK_AutocorrelationDescriptor"
217,"AATSC6v","descriptor","libpadeldescriptor.CDK_AutocorrelationDescriptor"
218,"AATSC7v","descriptor","libpadeldescriptor.CDK_AutocorrelationDescriptor"
219,"AATSC8v","descriptor","libpadeldescriptor.CDK_AutocorrelationDescriptor"
220,"AATSC0e","descriptor","libpadeldescriptor.CDK_AutocorrelationDescriptor"
221,"AATSC1e","descriptor","libpadeldescriptor.CDK_AutocorrelationDescriptor"
222,"AATSC2e","descriptor","libpadeldescriptor.CDK_AutocorrelationDescriptor"
223,"AATSC3e","descriptor","libpadeldescriptor.CDK_AutocorrelationDescriptor"
224,"AATSC4e","descriptor","libpadeldescriptor.CDK_AutocorrelationDescriptor"
225,"AATSC5e","descriptor","libpadeldescriptor.CDK_AutocorrelationDescriptor"
226,"AATSC6e","descriptor","libpadeldescriptor.CDK_AutocorrelationDescriptor"
227,"AATSC7e","descriptor","libpadeldescriptor.CDK_AutocorrelationDescriptor"
228,"AATSC8e","descriptor","libpadeldescriptor.CDK_AutocorrelationDescriptor"
229,"AATSC0p","descriptor","libpadeldescriptor.CDK_AutocorrelationDescriptor"
230,"AATSC1p","descriptor","libpadeldescriptor.CDK_AutocorrelationDescriptor"
231,"AATSC2p","descriptor","libpadeldescriptor.CDK_AutocorrelationDescriptor"
232,"AATSC3p","descriptor","libpadeldescriptor.CDK_AutocorrelationDescriptor"
233,"AATSC4p","descriptor","libpadeldescriptor.CDK_AutocorrelationDescriptor"
234,"AATSC5p","descriptor","libpadeldescriptor.CDK_AutocorrelationDescriptor"
235,"AATSC6p","descriptor","libpadeldescriptor.CDK_AutocorrelationDescriptor"
236,"AATSC7p","descriptor","libpadeldescriptor.CDK_AutocorrelationDescriptor"
237,"AATSC8p","descriptor","libpadeldescriptor.CDK_AutocorrelationDescriptor"
238,"AATSC0i","descriptor","libpadeldescriptor.CDK_AutocorrelationDescriptor"
239,"AATSC1i","descriptor","libpadeldescriptor.CDK_AutocorrelationDescriptor"
240,"AATSC2i","descriptor","libpadeldescriptor.CDK_AutocorrelationDescriptor"
241,"AATSC3i","descriptor","libpadeldescriptor.CDK_AutocorrelationDescriptor"
242,"AATSC4i","descriptor","libpadeldescriptor.CDK_AutocorrelationDescriptor"
243,"AATSC5i","descriptor","libpadeldescriptor.CDK_AutocorrelationDescriptor"
244,"AATSC6i","descriptor","libpadeldescriptor.CDK_AutocorrelationDescriptor"
245,"AATSC7i","descriptor","libpadeldescriptor.CDK_AutocorrelationDescriptor"
246,"AATSC8i","descriptor","libpadeldescriptor.CDK_AutocorrelationDescriptor"
247,"AATSC0s","descriptor","libpadeldescriptor.CDK_AutocorrelationDescriptor"
248,"AATSC1s","descriptor","libpadeldescriptor.CDK_AutocorrelationDescriptor"
249,"AATSC2s","descriptor","libpadeldescriptor.CDK_AutocorrelationDescriptor"
250,"AATSC3s","descriptor","libpadeldescriptor.CDK_AutocorrelationDescriptor"
251,"AATSC4s","descriptor","libpadeldescriptor.CDK_AutocorrelationDescriptor"
252,"AATSC5s","descriptor","libpadeldescriptor.CDK_AutocorrelationDescriptor"
253,"AATSC6s","descriptor","libpadeldescriptor.CDK_AutocorrelationDescriptor"
254,"AATSC7s","descriptor","libpadeldescriptor.CDK_AutocorrelationDescriptor"
255,"AATSC8s","descriptor","libpadeldescriptor.CDK_AutocorrelationDescriptor"
256,"MATS1c","descriptor","libpadeldescriptor.CDK_AutocorrelationDescriptor"
257,"MATS2c","descriptor","libpadeldescriptor.CDK_AutocorrelationDescriptor"
258,"MATS3c","descriptor","libpadeldescriptor.CDK_AutocorrelationDescriptor"
259,"MATS4c","descriptor","libpadeldescriptor.CDK_AutocorrelationDescriptor"
260,"MATS5c","descriptor","libpadeldescriptor.CDK_AutocorrelationDescriptor"
261,"MATS6c","descriptor","libpadeldescriptor.CDK_AutocorrelationDescriptor"
262,"MATS7c","descriptor","libpadeldescriptor.CDK_AutocorrelationDescriptor"
263,"MATS8c","descriptor","libpadeldescriptor.CDK_AutocorrelationDescriptor"
264,"MATS1m","descriptor","libpadeldescriptor.CDK_AutocorrelationDescriptor"
265,"MATS2m","descriptor","libpadeldescriptor.CDK_AutocorrelationDescriptor"
266,"MATS3m","descriptor","libpadeldescriptor.CDK_AutocorrelationDescriptor"
267,"MATS4m","descriptor","libpadeldescriptor.CDK_AutocorrelationDescriptor"
268,"MATS5m","descriptor","libpadeldescriptor.CDK_AutocorrelationDescriptor"
269,"MATS6m","descriptor","libpadeldescriptor.CDK_AutocorrelationDescriptor"
270,"MATS7m","descriptor","libpadeldescriptor.CDK_AutocorrelationDescriptor"
271,"MATS8m","descriptor","libpadeldescriptor.CDK_AutocorrelationDescriptor"
272,"MATS1v","descriptor","libpadeldescriptor.CDK_AutocorrelationDescriptor"
273,"MATS2v","descriptor","libpadeldescriptor.CDK_AutocorrelationDescriptor"
274,"MATS3v","descriptor","libpadeldescriptor.CDK_AutocorrelationDescriptor"
275,"MATS4v","descriptor","libpadeldescriptor.CDK_AutocorrelationDescriptor"
276,"MATS5v","descriptor","libpadeldescriptor.CDK_AutocorrelationDescriptor"
277,"MATS6v","descriptor","libpadeldescriptor.CDK_AutocorrelationDescriptor"
278,"MATS7v","descriptor","libpadeldescriptor.CDK_AutocorrelationDescriptor"
279,"MATS8v","descriptor","libpadeldescriptor.CDK_AutocorrelationDescriptor"
280,"MATS1e","descriptor","libpadeldescriptor.CDK_AutocorrelationDescriptor"
281,"MATS2e","descriptor","libpadeldescriptor.CDK_AutocorrelationDescriptor"
282,"MATS3e","descriptor","libpadeldescriptor.CDK_AutocorrelationDescriptor"
283,"MATS4e","descriptor","libpadeldescriptor.CDK_AutocorrelationDescriptor"
284,"MATS5e","descriptor","libpadeldescriptor.CDK_AutocorrelationDescriptor"
285,"MATS6e","descriptor","libpadeldescriptor.CDK_AutocorrelationDescriptor"
286,"MATS7e","descriptor","libpadeldescriptor.CDK_AutocorrelationDescriptor"
287,"MATS8e","descriptor","libpadeldescriptor.CDK_AutocorrelationDescriptor"
288,"MATS1p","descriptor","libpadeldescriptor.CDK_AutocorrelationDescriptor"
289,"MATS2p","descriptor","libpadeldescriptor.CDK_AutocorrelationDescriptor"
290,"MATS3p","descriptor","libpadeldescriptor.CDK_AutocorrelationDescriptor"
291,"MATS4p","descriptor","libpadeldescriptor.CDK_AutocorrelationDescriptor"
292,"MATS5p","descriptor","libpadeldescriptor.CDK_AutocorrelationDescriptor"
293,"MATS6p","descriptor","libpadeldescriptor.CDK_AutocorrelationDescriptor"
294,"MATS7p","descriptor","libpadeldescriptor.CDK_AutocorrelationDescriptor"
295,"MATS8p","descriptor","libpadeldescriptor.CDK_AutocorrelationDescriptor"
296,"MATS1i","descriptor","libpadeldescriptor.CDK_AutocorrelationDescriptor"
297,"MATS2i","descriptor","libpadeldescriptor.CDK_AutocorrelationDescriptor"
298,"MATS3i","descriptor","libpadeldescriptor.CDK_AutocorrelationDescriptor"
299,"MATS4i","descriptor","libpadeldescriptor.CDK_AutocorrelationDescriptor"
300,"MATS5i","descriptor","libpadeldescriptor.CDK_AutocorrelationDescriptor"
301,"MATS6i","descriptor","libpadeldescriptor.CDK_AutocorrelationDescriptor"
302,"MATS7i","descriptor","libpadeldescriptor.CDK_AutocorrelationDescriptor"
303,"MATS8i","descriptor","libpadeldescriptor.CDK_AutocorrelationDescriptor"
304,"MATS1s","descriptor","libpadeldescriptor.CDK_AutocorrelationDescriptor"
305,"MATS2s","descriptor","libpadeldescriptor.CDK_AutocorrelationDescriptor"
306,"MATS3s","descriptor","libpadeldescriptor.CDK_AutocorrelationDescriptor"
307,"MATS4s","descriptor","libpadeldescriptor.CDK_AutocorrelationDescriptor"
308,"MATS5s","descriptor","libpadeldescriptor.CDK_AutocorrelationDescriptor"
309,"MATS6s","descriptor","libpadeldescriptor.CDK_AutocorrelationDescriptor"
310,"MATS7s","descriptor","libpadeldescriptor.CDK_AutocorrelationDescriptor"
311,"MATS8s","descriptor","libpadeldescriptor.CDK_AutocorrelationDescriptor"
312,"GATS1c","descriptor","libpadeldescriptor.CDK_AutocorrelationDescriptor"
313,"GATS2c","descriptor","libpadeldescriptor.CDK_AutocorrelationDescriptor"
314,"GATS3c","descriptor","libpadeldescriptor.CDK_AutocorrelationDescriptor"
315,"GATS4c","descriptor","libpadeldescriptor.CDK_AutocorrelationDescriptor"
316,"GATS5c","descriptor","libpadeldescriptor.CDK_AutocorrelationDescriptor"
317,"GATS6c","descriptor","libpadeldescriptor.CDK_AutocorrelationDescriptor"
318,"GATS7c","descriptor","libpadeldescriptor.CDK_AutocorrelationDescriptor"
319,"GATS8c","descriptor","libpadeldescriptor.CDK_AutocorrelationDescriptor"
320,"GATS1m","descriptor","libpadeldescriptor.CDK_AutocorrelationDescriptor"
321,"GATS2m","descriptor","libpadeldescriptor.CDK_AutocorrelationDescriptor"
322,"GATS3m","descriptor","libpadeldescriptor.CDK_AutocorrelationDescriptor"
323,"GATS4m","descriptor","libpadeldescriptor.CDK_AutocorrelationDescriptor"
324,"GATS5m","descriptor","libpadeldescriptor.CDK_AutocorrelationDescriptor"
325,"GATS6m","descriptor","libpadeldescriptor.CDK_AutocorrelationDescriptor"
326,"GATS7m","descriptor","libpadeldescriptor.CDK_AutocorrelationDescriptor"
327,"GATS8m","descriptor","libpadeldescriptor.CDK_AutocorrelationDescriptor"
328,"GATS1v","descriptor","libpadeldescriptor.CDK_AutocorrelationDescriptor"
329,"GATS2v","descriptor","libpadeldescriptor.CDK_AutocorrelationDescriptor"
330,"GATS3v","descriptor","libpadeldescriptor.CDK_AutocorrelationDescriptor"
331,"GATS4v","descriptor","libpadeldescriptor.CDK_AutocorrelationDescriptor"
332,"GATS5v","descriptor","libpadeldescriptor.CDK_AutocorrelationDescriptor"
333,"GATS6v","descriptor","libpadeldescriptor.CDK_AutocorrelationDescriptor"
334,"GATS7v","descriptor","libpadeldescriptor.CDK_AutocorrelationDescriptor"
335,"GATS8v","descriptor","libpadeldescriptor.CDK_AutocorrelationDescriptor"
336,"GATS1e","descriptor","libpadeldescriptor.CDK_AutocorrelationDescriptor"
337,"GATS2e","descriptor","libpadeldescriptor.CDK_AutocorrelationDescriptor"
338,"GATS3e","descriptor","libpadeldescriptor.CDK_AutocorrelationDescriptor"
339,"GATS4e","descriptor","libpadeldescriptor.CDK_AutocorrelationDescriptor"
340,"GATS5e","descriptor","libpadeldescriptor.CDK_AutocorrelationDescriptor"
341,"GATS6e","descriptor","libpadeldescriptor.CDK_AutocorrelationDescriptor"
342,"GATS7e","descriptor","libpadeldescriptor.CDK_AutocorrelationDescriptor"
343,"GATS8e","descriptor","libpadeldescriptor.CDK_AutocorrelationDescriptor"
344,"GATS1p","descriptor","libpadeldescriptor.CDK_AutocorrelationDescriptor"
345,"GATS2p","descriptor","libpadeldescriptor.CDK_AutocorrelationDescriptor"
346,"GATS3p","descriptor","libpadeldescriptor.CDK_AutocorrelationDescriptor"
347,"GATS4p","descriptor","libpadeldescriptor.CDK_AutocorrelationDescriptor"
348,"GATS5p","descriptor","libpadeldescriptor.CDK_AutocorrelationDescriptor"
349,"GATS6p","descriptor","libpadeldescriptor.CDK_AutocorrelationDescriptor"
350,"GATS7p","descriptor","libpadeldescriptor.CDK_AutocorrelationDescriptor"
351,"GATS8p","descriptor","libpadeldescriptor.CDK_AutocorrelationDescriptor"
352,"GATS1i","descriptor","libpadeldescriptor.CDK_AutocorrelationDescriptor"
353,"GATS2i","descriptor","libpadeldescriptor.CDK_AutocorrelationDescriptor"
354,"GATS3i","descriptor","libpadeldescriptor.CDK_AutocorrelationDescriptor"
355,"GATS4i","descriptor","libpadeldescriptor.CDK_AutocorrelationDescriptor"
356,"GATS5i","descriptor","libpadeldescriptor.CDK_AutocorrelationDescriptor"
357,"GATS6i","descriptor","libpadeldescriptor.CDK_AutocorrelationDescriptor"
358,"GATS7i","descriptor","libpadeldescriptor.CDK_AutocorrelationDescriptor"
359,"GATS8i","descriptor","libpadeldescriptor.CDK_AutocorrelationDescriptor"
360,"GATS1s","descriptor","libpadeldescriptor.CDK_AutocorrelationDescriptor"
361,"GATS2s","descriptor","libpadeldescriptor.CDK_AutocorrelationDescriptor"
362,"GATS3s","descriptor","libpadeldescriptor.CDK_AutocorrelationDescriptor"
363,"GATS4s","descriptor","libpadeldescriptor.CDK_AutocorrelationDescriptor"
364,"GATS5s","descriptor","libpadeldescriptor.CDK_AutocorrelationDescriptor"
365,"GATS6s","descriptor","libpadeldescriptor.CDK_AutocorrelationDescriptor"
366,"GATS7s","descriptor","libpadeldescriptor.CDK_AutocorrelationDescriptor"
367,"GATS8s","descriptor","libpadeldescriptor.CDK_AutocorrelationDescriptor"
368,"SpAbs_DzZ","descriptor","libpadeldescriptor.CDK_BaryszMatrixDescriptor"
369,"SpMax_DzZ","descriptor","libpadeldescriptor.CDK_BaryszMatrixDescriptor"
370,"SpDiam_DzZ","descriptor","libpadeldescriptor.CDK_BaryszMatrixDescriptor"
371,"SpAD_DzZ","descriptor","libpadeldescriptor.CDK_BaryszMatrixDescriptor"
372,"SpMAD_DzZ","descriptor","libpadeldescriptor.CDK_BaryszMatrixDescriptor"
373,"EE_DzZ","descriptor","libpadeldescriptor.CDK_BaryszMatrixDescriptor"
374,"SM1_DzZ","descriptor","libpadeldescriptor.CDK_BaryszMatrixDescriptor"
375,"VE1_DzZ","descriptor","libpadeldescriptor.CDK_BaryszMatrixDescriptor"
376,"VE2_DzZ","descriptor","libpadeldescriptor.CDK_BaryszMatrixDescriptor"
377,"VE3_DzZ","descriptor","libpadeldescriptor.CDK_BaryszMatrixDescriptor"
378,"VR1_DzZ","descriptor","libpadeldescriptor.CDK_BaryszMatrixDescriptor"
379,"VR2_DzZ","descriptor","libpadeldescriptor.CDK_BaryszMatrixDescriptor"
380,"VR3_DzZ","descriptor","libpadeldescriptor.CDK_BaryszMatrixDescriptor"
381,"SpAbs_Dzm","descriptor","libpadeldescriptor.CDK_BaryszMatrixDescriptor"
382,"SpMax_Dzm","descriptor","libpadeldescriptor.CDK_BaryszMatrixDescriptor"
383,"SpDiam_Dzm","descriptor","libpadeldescriptor.CDK_BaryszMatrixDescriptor"
384,"SpAD_Dzm","descriptor","libpadeldescriptor.CDK_BaryszMatrixDescriptor"
385,"SpMAD_Dzm","descriptor","libpadeldescriptor.CDK_BaryszMatrixDescriptor"
386,"EE_Dzm","descriptor","libpadeldescriptor.CDK_BaryszMatrixDescriptor"
387,"SM1_Dzm","descriptor","libpadeldescriptor.CDK_BaryszMatrixDescriptor"
388,"VE1_Dzm","descriptor","libpadeldescriptor.CDK_BaryszMatrixDescriptor"
389,"VE2_Dzm","descriptor","libpadeldescriptor.CDK_BaryszMatrixDescriptor"
390,"VE3_Dzm","descriptor","libpadeldescriptor.CDK_BaryszMatrixDescriptor"
391,"VR1_Dzm","descriptor","libpadeldescriptor.CDK_BaryszMatrixDescriptor"
392,"VR2_Dzm","descriptor","libpadeldescriptor.CDK_BaryszMatrixDescriptor"
393,"VR3_Dzm","descriptor","libpadeldescriptor.CDK_BaryszMatrixDescriptor"
394,"SpAbs_Dzv","descriptor","libpadeldescriptor.CDK_BaryszMatrixDescriptor"
395,"SpMax_Dzv","descriptor","libpadeldescriptor.CDK_BaryszMatrixDescriptor"
396,"SpDiam_Dzv","descriptor","libpadeldescriptor.CDK_BaryszMatrixDescriptor"
397,"SpAD_Dzv","descriptor","libpadeldescriptor.CDK_BaryszMatrixDescriptor"
398,"SpMAD_Dzv","descriptor","libpadeldescriptor.CDK_BaryszMatrixDescriptor"
399,"EE_Dzv","descriptor","libpadeldescriptor.CDK_BaryszMatrixDescriptor"
400,"SM1_Dzv","descriptor","libpadeldescriptor.CDK_BaryszMatrixDescriptor"
401,"VE1_Dzv","descriptor","libpadeldescriptor.CDK_BaryszMatrixDescriptor"
402,"VE2_Dzv","descriptor","libpadeldescriptor.CDK_BaryszMatrixDescriptor"
403,"VE3_Dzv","descriptor","libpadeldescriptor.CDK_BaryszMatrixDescriptor"
404,"VR1_Dzv","descriptor","libpadeldescriptor.CDK_BaryszMatrixDescriptor"
405,"VR2_Dzv","descriptor","libpadeldescriptor.CDK_BaryszMatrixDescriptor"
406,"VR3_Dzv","descriptor","libpadeldescriptor.CDK_BaryszMatrixDescriptor"
407,"SpAbs_Dze","descriptor","libpadeldescriptor.CDK_BaryszMatrixDescriptor"
408,"SpMax_Dze","descriptor","libpadeldescriptor.CDK_BaryszMatrixDescriptor"
409,"SpDiam_Dze","descriptor","libpadeldescriptor.CDK_BaryszMatrixDescriptor"
410,"SpAD_Dze","descriptor","libpadeldescriptor.CDK_BaryszMatrixDescriptor"
411,"SpMAD_Dze","descriptor","libpadeldescriptor.CDK_BaryszMatrixDescriptor"
412,"EE_Dze","descriptor","libpadeldescriptor.CDK_BaryszMatrixDescriptor"
413,"SM1_Dze","descriptor","libpadeldescriptor.CDK_BaryszMatrixDescriptor"
414,"VE1_Dze","descriptor","libpadeldescriptor.CDK_BaryszMatrixDescriptor"
415,"VE2_Dze","descriptor","libpadeldescriptor.CDK_BaryszMatrixDescriptor"
416,"VE3_Dze","descriptor","libpadeldescriptor.CDK_BaryszMatrixDescriptor"
417,"VR1_Dze","descriptor","libpadeldescriptor.CDK_BaryszMatrixDescriptor"
418,"VR2_Dze","descriptor","libpadeldescriptor.CDK_BaryszMatrixDescriptor"
419,"VR3_Dze","descriptor","libpadeldescriptor.CDK_BaryszMatrixDescriptor"
420,"SpAbs_Dzp","descriptor","libpadeldescriptor.CDK_BaryszMatrixDescriptor"
421,"SpMax_Dzp","descriptor","libpadeldescriptor.CDK_BaryszMatrixDescriptor"
422,"SpDiam_Dzp","descriptor","libpadeldescriptor.CDK_BaryszMatrixDescriptor"
423,"SpAD_Dzp","descriptor","libpadeldescriptor.CDK_BaryszMatrixDescriptor"
424,"SpMAD_Dzp","descriptor","libpadeldescriptor.CDK_BaryszMatrixDescriptor"
425,"EE_Dzp","descriptor","libpadeldescriptor.CDK_BaryszMatrixDescriptor"
426,"SM1_Dzp","descriptor","libpadeldescriptor.CDK_BaryszMatrixDescriptor"
427,"VE1_Dzp","descriptor","libpadeldescriptor.CDK_BaryszMatrixDescriptor"
428,"VE2_Dzp","descriptor","libpadeldescriptor.CDK_BaryszMatrixDescriptor"
429,"VE3_Dzp","descriptor","libpadeldescriptor.CDK_BaryszMatrixDescriptor"
430,"VR1_Dzp","descriptor","libpadeldescriptor.CDK_BaryszMatrixDescriptor"
431,"VR2_Dzp","descriptor","libpadeldescriptor.CDK_BaryszMatrixDescriptor"
432,"VR3_Dzp","descriptor","libpadeldescriptor.CDK_BaryszMatrixDescriptor"
433,"SpAbs_Dzi","descriptor","libpadeldescriptor.CDK_BaryszMatrixDescriptor"
434,"SpMax_Dzi","descriptor","libpadeldescriptor.CDK_BaryszMatrixDescriptor"
435,"SpDiam_Dzi","descriptor","libpadeldescriptor.CDK_BaryszMatrixDescriptor"
436,"SpAD_Dzi","descriptor","libpadeldescriptor.CDK_BaryszMatrixDescriptor"
437,"SpMAD_Dzi","descriptor","libpadeldescriptor.CDK_BaryszMatrixDescriptor"
438,"EE_Dzi","descriptor","libpadeldescriptor.CDK_BaryszMatrixDescriptor"
439,"SM1_Dzi","descriptor","libpadeldescriptor.CDK_BaryszMatrixDescriptor"
440,"VE1_Dzi","descriptor","libpadeldescriptor.CDK_BaryszMatrixDescriptor"
441,"VE2_Dzi","descriptor","libpadeldescriptor.CDK_BaryszMatrixDescriptor"
442,"VE3_Dzi","descriptor","libpadeldescriptor.CDK_BaryszMatrixDescriptor"
443,"VR1_Dzi","descriptor","libpadeldescriptor.CDK_BaryszMatrixDescriptor"
444,"VR2_Dzi","descriptor","libpadeldescriptor.CDK_BaryszMatrixDescriptor"
445,"VR3_Dzi","descriptor","libpadeldescriptor.CDK_BaryszMatrixDescriptor"
446,"SpAbs_Dzs","descriptor","libpadeldescriptor.CDK_BaryszMatrixDescriptor"
447,"SpMax_Dzs","descriptor","libpadeldescriptor.CDK_BaryszMatrixDescriptor"
448,"SpDiam_Dzs","descriptor","libpadeldescriptor.CDK_BaryszMatrixDescriptor"
449,"SpAD_Dzs","descriptor","libpadeldescriptor.CDK_BaryszMatrixDescriptor"
450,"SpMAD_Dzs","descriptor","libpadeldescriptor.CDK_BaryszMatrixDescriptor"
451,"EE_Dzs","descriptor","libpadeldescriptor.CDK_BaryszMatrixDescriptor"
452,"SM1_Dzs","descriptor","libpadeldescriptor.CDK_BaryszMatrixDescriptor"
453,"VE1_Dzs","descriptor","libpadeldescriptor.CDK_BaryszMatrixDescriptor"
454,"VE2_Dzs","descriptor","libpadeldescriptor.CDK_BaryszMatrixDescriptor"
455,"VE3_Dzs","descriptor","libpadeldescriptor.CDK_BaryszMatrixDescriptor"
456,"VR1_Dzs","descriptor","libpadeldescriptor.CDK_BaryszMatrixDescriptor"
457,"VR2_Dzs","descriptor","libpadeldescriptor.CDK_BaryszMatrixDescriptor"
458,"VR3_Dzs","descriptor","libpadeldescriptor.CDK_BaryszMatrixDescriptor"
459,"nBase","descriptor","libpadeldescriptor.CDK_BasicGroupCountDescriptor"
460,"BCUTw-1l","descriptor","libpadeldescriptor.CDK_BCUTDescriptor"
461,"BCUTw-1h","descriptor","libpadeldescriptor.CDK_BCUTDescriptor"
462,"BCUTc-1l","descriptor","libpadeldescriptor.CDK_BCUTDescriptor"
463,"BCUTc-1h","descriptor","libpadeldescriptor.CDK_BCUTDescriptor"
464,"BCUTp-1l","descriptor","libpadeldescriptor.CDK_BCUTDescriptor"
465,"BCUTp-1h","descriptor","libpadeldescriptor.CDK_BCUTDescriptor"
466,"nBonds","descriptor","libpadeldescriptor.CDK_BondCountDescriptor"
467,"nBonds2","descriptor","libpadeldescriptor.CDK_BondCountDescriptor"
468,"nBondsS","descriptor","libpadeldescriptor.CDK_BondCountDescriptor"
469,"nBondsS2","descriptor","libpadeldescriptor.CDK_BondCountDescriptor"
470,"nBondsS3","descriptor","libpadeldescriptor.CDK_BondCountDescriptor"
471,"nBondsD","descriptor","libpadeldescriptor.CDK_BondCountDescriptor"
472,"nBondsD2","descriptor","libpadeldescriptor.CDK_BondCountDescriptor"
473,"nBondsT","descriptor","libpadeldescriptor.CDK_BondCountDescriptor"
474,"nBondsQ","descriptor","libpadeldescriptor.CDK_BondCountDescriptor"
475,"nBondsM","descriptor","libpadeldescriptor.CDK_BondCountDescriptor"
476,"bpol","descriptor","libpadeldescriptor.CDK_BPolDescriptor"
477,"SpMax1_Bhm","descriptor","libpadeldescriptor.CDK_BurdenModifiedEigenvaluesDescriptor"
478,"SpMax2_Bhm","descriptor","libpadeldescriptor.CDK_BurdenModifiedEigenvaluesDescriptor"
479,"SpMax3_Bhm","descriptor","libpadeldescriptor.CDK_BurdenModifiedEigenvaluesDescriptor"
480,"SpMax4_Bhm","descriptor","libpadeldescriptor.CDK_BurdenModifiedEigenvaluesDescriptor"
481,"SpMax5_Bhm","descriptor","libpadeldescriptor.CDK_BurdenModifiedEigenvaluesDescriptor"
482,"SpMax6_Bhm","descriptor","libpadeldescriptor.CDK_BurdenModifiedEigenvaluesDescriptor"
483,"SpMax7_Bhm","descriptor","libpadeldescriptor.CDK_BurdenModifiedEigenvaluesDescriptor"
484,"SpMax8_Bhm","descriptor","libpadeldescriptor.CDK_BurdenModifiedEigenvaluesDescriptor"
485,"SpMin1_Bhm","descriptor","libpadeldescriptor.CDK_BurdenModifiedEigenvaluesDescriptor"
486,"SpMin2_Bhm","descriptor","libpadeldescriptor.CDK_BurdenModifiedEigenvaluesDescriptor"
487,"SpMin3_Bhm","descriptor","libpadeldescriptor.CDK_BurdenModifiedEigenvaluesDescriptor"
488,"SpMin4_Bhm","descriptor","libpadeldescriptor.CDK_BurdenModifiedEigenvaluesDescriptor"
489,"SpMin5_Bhm","descriptor","libpadeldescriptor.CDK_BurdenModifiedEigenvaluesDescriptor"
490,"SpMin6_Bhm","descriptor","libpadeldescriptor.CDK_BurdenModifiedEigenvaluesDescriptor"
491,"SpMin7_Bhm","descriptor","libpadeldescriptor.CDK_BurdenModifiedEigenvaluesDescriptor"
492,"SpMin8_Bhm","descriptor","libpadeldescriptor.CDK_BurdenModifiedEigenvaluesDescriptor"
493,"SpMax1_Bhv","descriptor","libpadeldescriptor.CDK_BurdenModifiedEigenvaluesDescriptor"
494,"SpMax2_Bhv","descriptor","libpadeldescriptor.CDK_BurdenModifiedEigenvaluesDescriptor"
495,"SpMax3_Bhv","descriptor","libpadeldescriptor.CDK_BurdenModifiedEigenvaluesDescriptor"
496,"SpMax4_Bhv","descriptor","libpadeldescriptor.CDK_BurdenModifiedEigenvaluesDescriptor"
497,"SpMax5_Bhv","descriptor","libpadeldescriptor.CDK_BurdenModifiedEigenvaluesDescriptor"
498,"SpMax6_Bhv","descriptor","libpadeldescriptor.CDK_BurdenModifiedEigenvaluesDescriptor"
499,"SpMax7_Bhv","descriptor","libpadeldescriptor.CDK_BurdenModifiedEigenvaluesDescriptor"
500,"SpMax8_Bhv","descriptor","libpadeldescriptor.CDK_BurdenModifiedEigenvaluesDescriptor"
501,"SpMin1_Bhv","descriptor","libpadeldescriptor.CDK_BurdenModifiedEigenvaluesDescriptor"
502,"SpMin2_Bhv","descriptor","libpadeldescriptor.CDK_BurdenModifiedEigenvaluesDescriptor"
503,"SpMin3_Bhv","descriptor","libpadeldescriptor.CDK_BurdenModifiedEigenvaluesDescriptor"
504,"SpMin4_Bhv","descriptor","libpadeldescriptor.CDK_BurdenModifiedEigenvaluesDescriptor"
505,"SpMin5_Bhv","descriptor","libpadeldescriptor.CDK_BurdenModifiedEigenvaluesDescriptor"
506,"SpMin6_Bhv","descriptor","libpadeldescriptor.CDK_BurdenModifiedEigenvaluesDescriptor"
507,"SpMin7_Bhv","descriptor","libpadeldescriptor.CDK_BurdenModifiedEigenvaluesDescriptor"
508,"SpMin8_Bhv","descriptor","libpadeldescriptor.CDK_BurdenModifiedEigenvaluesDescriptor"
509,"SpMax1_Bhe","descriptor","libpadeldescriptor.CDK_BurdenModifiedEigenvaluesDescriptor"
510,"SpMax2_Bhe","descriptor","libpadeldescriptor.CDK_BurdenModifiedEigenvaluesDescriptor"
511,"SpMax3_Bhe","descriptor","libpadeldescriptor.CDK_BurdenModifiedEigenvaluesDescriptor"
512,"SpMax4_Bhe","descriptor","libpadeldescriptor.CDK_BurdenModifiedEigenvaluesDescriptor"
513,"SpMax5_Bhe","descriptor","libpadeldescriptor.CDK_BurdenModifiedEigenvaluesDescriptor"
514,"SpMax6_Bhe","descriptor","libpadeldescriptor.CDK_BurdenModifiedEigenvaluesDescriptor"
515,"SpMax7_Bhe","descriptor","libpadeldescriptor.CDK_BurdenModifiedEigenvaluesDescriptor"
516,"SpMax8_Bhe","descriptor","libpadeldescriptor.CDK_BurdenModifiedEigenvaluesDescriptor"
517,"SpMin1_Bhe","descriptor","libpadeldescriptor.CDK_BurdenModifiedEigenvaluesDescriptor"
518,"SpMin2_Bhe","descriptor","libpadeldescriptor.CDK_BurdenModifiedEigenvaluesDescriptor"
519,"SpMin3_Bhe","descriptor","libpadeldescriptor.CDK_BurdenModifiedEigenvaluesDescriptor"
520,"SpMin4_Bhe","descriptor","libpadeldescriptor.CDK_BurdenModifiedEigenvaluesDescriptor"
521,"SpMin5_Bhe","descriptor","libpadeldescriptor.CDK_BurdenModifiedEigenvaluesDescriptor"
522,"SpMin6_Bhe","descriptor","libpadeldescriptor.CDK_BurdenModifiedEigenvaluesDescriptor"
523,"SpMin7_Bhe","descriptor","libpadeldescriptor.CDK_BurdenModifiedEigenvaluesDescriptor"
524,"SpMin8_Bhe","descriptor","libpadeldescriptor.CDK_BurdenModifiedEigenvaluesDescriptor"
525,"SpMax1_Bhp","descriptor","libpadeldescriptor.CDK_BurdenModifiedEigenvaluesDescriptor"
526,"SpMax2_Bhp","descriptor","libpadeldescriptor.CDK_BurdenModifiedEigenvaluesDescriptor"
527,"SpMax3_Bhp","descriptor","libpadeldescriptor.CDK_BurdenModifiedEigenvaluesDescriptor"
528,"SpMax4_Bhp","descriptor","libpadeldescriptor.CDK_BurdenModifiedEigenvaluesDescriptor"
529,"SpMax5_Bhp","descriptor","libpadeldescriptor.CDK_BurdenModifiedEigenvaluesDescriptor"
530,"SpMax6_Bhp","descriptor","libpadeldescriptor.CDK_BurdenModifiedEigenvaluesDescriptor"
531,"SpMax7_Bhp","descriptor","libpadeldescriptor.CDK_BurdenModifiedEigenvaluesDescriptor"
532,"SpMax8_Bhp","descriptor","libpadeldescriptor.CDK_BurdenModifiedEigenvaluesDescriptor"
533,"SpMin1_Bhp","descriptor","libpadeldescriptor.CDK_BurdenModifiedEigenvaluesDescriptor"
534,"SpMin2_Bhp","descriptor","libpadeldescriptor.CDK_BurdenModifiedEigenvaluesDescriptor"
535,"SpMin3_Bhp","descriptor","libpadeldescriptor.CDK_BurdenModifiedEigenvaluesDescriptor"
536,"SpMin4_Bhp","descriptor","libpadeldescriptor.CDK_BurdenModifiedEigenvaluesDescriptor"
537,"SpMin5_Bhp","descriptor","libpadeldescriptor.CDK_BurdenModifiedEigenvaluesDescriptor"
538,"SpMin6_Bhp","descriptor","libpadeldescriptor.CDK_BurdenModifiedEigenvaluesDescriptor"
539,"SpMin7_Bhp","descriptor","libpadeldescriptor.CDK_BurdenModifiedEigenvaluesDescriptor"
540,"SpMin8_Bhp","descriptor","libpadeldescriptor.CDK_BurdenModifiedEigenvaluesDescriptor"
541,"SpMax1_Bhi","descriptor","libpadeldescriptor.CDK_BurdenModifiedEigenvaluesDescriptor"
542,"SpMax2_Bhi","descriptor","libpadeldescriptor.CDK_BurdenModifiedEigenvaluesDescriptor"
543,"SpMax3_Bhi","descriptor","libpadeldescriptor.CDK_BurdenModifiedEigenvaluesDescriptor"
544,"SpMax4_Bhi","descriptor","libpadeldescriptor.CDK_BurdenModifiedEigenvaluesDescriptor"
545,"SpMax5_Bhi","descriptor","libpadeldescriptor.CDK_BurdenModifiedEigenvaluesDescriptor"
546,"SpMax6_Bhi","descriptor","libpadeldescriptor.CDK_BurdenModifiedEigenvaluesDescriptor"
547,"SpMax7_Bhi","descriptor","libpadeldescriptor.CDK_BurdenModifiedEigenvaluesDescriptor"
548,"SpMax8_Bhi","descriptor","libpadeldescriptor.CDK_BurdenModifiedEigenvaluesDescriptor"
549,"SpMin1_Bhi","descriptor","libpadeldescriptor.CDK_BurdenModifiedEigenvaluesDescriptor"
550,"SpMin2_Bhi","descriptor","libpadeldescriptor.CDK_BurdenModifiedEigenvaluesDescriptor"
551,"SpMin3_Bhi","descriptor","libpadeldescriptor.CDK_BurdenModifiedEigenvaluesDescriptor"
552,"SpMin4_Bhi","descriptor","libpadeldescriptor.CDK_BurdenModifiedEigenvaluesDescriptor"
553,"SpMin5_Bhi","descriptor","libpadeldescriptor.CDK_BurdenModifiedEigenvaluesDescriptor"
554,"SpMin6_Bhi","descriptor","libpadeldescriptor.CDK_BurdenModifiedEigenvaluesDescriptor"
555,"SpMin7_Bhi","descriptor","libpadeldescriptor.CDK_BurdenModifiedEigenvaluesDescriptor"
556,"SpMin8_Bhi","descriptor","libpadeldescriptor.CDK_BurdenModifiedEigenvaluesDescriptor"
557,"SpMax1_Bhs","descriptor","libpadeldescriptor.CDK_BurdenModifiedEigenvaluesDescriptor"
558,"SpMax2_Bhs","descriptor","libpadeldescriptor.CDK_BurdenModifiedEigenvaluesDescriptor"
559,"SpMax3_Bhs","descriptor","libpadeldescriptor.CDK_BurdenModifiedEigenvaluesDescriptor"
560,"SpMax4_Bhs","descriptor","libpadeldescriptor.CDK_BurdenModifiedEigenvaluesDescriptor"
561,"SpMax5_Bhs","descriptor","libpadeldescriptor.CDK_BurdenModifiedEigenvaluesDescriptor"
562,"SpMax6_Bhs","descriptor","libpadeldescriptor.CDK_BurdenModifiedEigenvaluesDescriptor"
563,"SpMax7_Bhs","descriptor","libpadeldescriptor.CDK_BurdenModifiedEigenvaluesDescriptor"
564,"SpMax8_Bhs","descriptor","libpadeldescriptor.CDK_BurdenModifiedEigenvaluesDescriptor"
565,"SpMin1_Bhs","descriptor","libpadeldescriptor.CDK_BurdenModifiedEigenvaluesDescriptor"
566,"SpMin2_Bhs","descriptor","libpadeldescriptor.CDK_BurdenModifiedEigenvaluesDescriptor"
567,"SpMin3_Bhs","descriptor","libpadeldescriptor.CDK_BurdenModifiedEigenvaluesDescriptor"
568,"SpMin4_Bhs","descriptor","libpadeldescriptor.CDK_BurdenModifiedEigenvaluesDescriptor"
569,"SpMin5_Bhs","descriptor","libpadeldescriptor.CDK_BurdenModifiedEigenvaluesDescriptor"
570,"SpMin6_Bhs","descriptor","libpadeldescriptor.CDK_BurdenModifiedEigenvaluesDescriptor"
571,"SpMin7_Bhs","descriptor","libpadeldescriptor.CDK_BurdenModifiedEigenvaluesDescriptor"
572,"SpMin8_Bhs","descriptor","libpadeldescriptor.CDK_BurdenModifiedEigenvaluesDescriptor"
573,"C1SP1","descriptor","libpadeldescriptor.CDK_CarbonTypesDescriptor"
574,"C2SP1","descriptor","libpadeldescriptor.CDK_CarbonTypesDescriptor"
575,"C1SP2","descriptor","libpadeldescriptor.CDK_CarbonTypesDescriptor"
576,"C2SP2","descriptor","libpadeldescriptor.CDK_CarbonTypesDescriptor"
577,"C3SP2","descriptor","libpadeldescriptor.CDK_CarbonTypesDescriptor"
578,"C1SP3","descriptor","libpadeldescriptor.CDK_CarbonTypesDescriptor"
579,"C2SP3","descriptor","libpadeldescriptor.CDK_CarbonTypesDescriptor"
580,"C3SP3","descriptor","libpadeldescriptor.CDK_CarbonTypesDescriptor"
581,"C4SP3","descriptor","libpadeldescriptor.CDK_CarbonTypesDescriptor"
582,"SCH-3","descriptor","libpadeldescriptor.CDK_ChiChainDescriptor"
583,"SCH-4","descriptor","libpadeldescriptor.CDK_ChiChainDescriptor"
584,"SCH-5","descriptor","libpadeldescriptor.CDK_ChiChainDescriptor"
585,"SCH-6","descriptor","libpadeldescriptor.CDK_ChiChainDescriptor"
586,"SCH-7","descriptor","libpadeldescriptor.CDK_ChiChainDescriptor"
587,"VCH-3","descriptor","libpadeldescriptor.CDK_ChiChainDescriptor"
588,"VCH-4","descriptor","libpadeldescriptor.CDK_ChiChainDescriptor"
589,"VCH-5","descriptor","libpadeldescriptor.CDK_ChiChainDescriptor"
590,"VCH-6","descriptor","libpadeldescriptor.CDK_ChiChainDescriptor"
591,"VCH-7","descriptor","libpadeldescriptor.CDK_ChiChainDescriptor"
592,"SC-3","descriptor","libpadeldescriptor.CDK_ChiClusterDescriptor"
593,"SC-4","descriptor","libpadeldescriptor.CDK_ChiClusterDescriptor"
594,"SC-5","descriptor","libpadeldescriptor.CDK_ChiClusterDescriptor"
595,"SC-6","descriptor","libpadeldescriptor.CDK_ChiClusterDescriptor"
596,"VC-3","descriptor","libpadeldescriptor.CDK_ChiClusterDescriptor"
597,"VC-4","descriptor","libpadeldescriptor.CDK_ChiClusterDescriptor"
598,"VC-5","descriptor","libpadeldescriptor.CDK_ChiClusterDescriptor"
599,"VC-6","descriptor","libpadeldescriptor.CDK_ChiClusterDescriptor"
600,"SPC-4","descriptor","libpadeldescriptor.CDK_ChiPathClusterDescriptor"
601,"SPC-5","descriptor","libpadeldescriptor.CDK_ChiPathClusterDescriptor"
602,"SPC-6","descriptor","libpadeldescriptor.CDK_ChiPathClusterDescriptor"
603,"VPC-4","descriptor","libpadeldescriptor.CDK_ChiPathClusterDescriptor"
604,"VPC-5","descriptor","libpadeldescriptor.CDK_ChiPathClusterDescriptor"
605,"VPC-6","descriptor","libpadeldescriptor.CDK_ChiPathClusterDescriptor"
606,"SP-0","descriptor","libpadeldescriptor.CDK_ChiPathDescriptor"
607,"SP-1","descriptor","libpadeldescriptor.CDK_ChiPathDescriptor"
608,"SP-2","descriptor","libpadeldescriptor.CDK_ChiPathDescriptor"
609,"SP-3","descriptor","libpadeldescriptor.CDK_ChiPathDescriptor"
610,"SP-4","descriptor","libpadeldescriptor.CDK_ChiPathDescriptor"
611,"SP-5","descriptor","libpadeldescriptor.CDK_ChiPathDescriptor"
612,"SP-6","descriptor","libpadeldescriptor.CDK_ChiPathDescriptor"
613,"SP-7","descriptor","libpadeldescriptor.CDK_ChiPathDescriptor"
614,"ASP-0","descriptor","libpadeldescriptor.CDK_ChiPathDescriptor"
615,"ASP-1","descriptor","libpadeldescriptor.CDK_ChiPathDescriptor"
616,"ASP-2","descriptor","libpadeldescriptor.CDK_ChiPathDescriptor"
617,"ASP-3","descriptor","libpadeldescriptor.CDK_ChiPathDescriptor"
618,"ASP-4","descriptor","libpadeldescriptor.CDK_ChiPathDescriptor"
619,"ASP-5","descriptor","libpadeldescriptor.CDK_ChiPathDescriptor"
620,"ASP-6","descriptor","libpadeldescriptor.CDK_ChiPathDescriptor"
621,"ASP-7","descriptor","libpadeldescriptor.CDK_ChiPathDescriptor"
622,"VP-0","descriptor","libpadeldescriptor.CDK_ChiPathDescriptor"
623,"VP-1","descriptor","libpadeldescriptor.CDK_ChiPathDescriptor"
624,"VP-2","descriptor","libpadeldescriptor.CDK_ChiPathDescriptor"
625,"VP-3","descriptor","libpadeldescriptor.CDK_ChiPathDescriptor"
626,"VP-4","descriptor","libpadeldescriptor.CDK_ChiPathDescriptor"
627,"VP-5","descriptor","libpadeldescriptor.CDK_ChiPathDescriptor"
628,"VP-6","descriptor","libpadeldescriptor.CDK_ChiPathDescriptor"
629,"VP-7","descriptor","libpadeldescriptor.CDK_ChiPathDescriptor"
630,"AVP-0","descriptor","libpadeldescriptor.CDK_ChiPathDescriptor"
631,"AVP-1","descriptor","libpadeldescriptor.CDK_ChiPathDescriptor"
632,"AVP-2","descriptor","libpadeldescriptor.CDK_ChiPathDescriptor"
633,"AVP-3","descriptor","libpadeldescriptor.CDK_ChiPathDescriptor"
634,"AVP-4","descriptor","libpadeldescriptor.CDK_ChiPathDescriptor"
635,"AVP-5","descriptor","libpadeldescriptor.CDK_ChiPathDescriptor"
636,"AVP-6","descriptor","libpadeldescriptor.CDK_ChiPathDescriptor"
637,"AVP-7","descriptor","libpadeldescriptor.CDK_ChiPathDescriptor"
638,"Sv","descriptor","libpadeldescriptor.CDK_ConstitutionalDescriptor"
639,"Sse","descriptor","libpadeldescriptor.CDK_ConstitutionalDescriptor"
640,"Spe","descriptor","libpadeldescriptor.CDK_ConstitutionalDescriptor"
641,"Sare","descriptor","libpadeldescriptor.CDK_ConstitutionalDescriptor"
642,"Sp","descriptor","libpadeldescriptor.CDK_ConstitutionalDescriptor"
643,"Si","descriptor","libpadeldescriptor.CDK_ConstitutionalDescriptor"
644,"Mv","descriptor","libpadeldescriptor.CDK_ConstitutionalDescriptor"
645,"Mse","descriptor","libpadeldescriptor.CDK_ConstitutionalDescriptor"
646,"Mpe","descriptor","libpadeldescriptor.CDK_ConstitutionalDescriptor"
647,"Mare","descriptor","libpadeldescriptor.CDK_ConstitutionalDescriptor"
648,"Mp","descriptor","libpadeldescriptor.CDK_ConstitutionalDescriptor"
649,"Mi","descriptor","libpadeldescriptor.CDK_ConstitutionalDescriptor"
650,"CrippenLogP","descriptor","libpadeldescriptor.CDK_CrippenDescriptor"
651,"CrippenMR","descriptor","libpadeldescriptor.CDK_CrippenDescriptor"
652,"SpMax_Dt","descriptor","libpadeldescriptor.CDK_DetourMatrixDescriptor"
653,"SpDiam_Dt","descriptor","libpadeldescriptor.CDK_DetourMatrixDescriptor"
654,"SpAD_Dt","descriptor","libpadeldescriptor.CDK_DetourMatrixDescriptor"
655,"SpMAD_Dt","descriptor","libpadeldescriptor.CDK_DetourMatrixDescriptor"
656,"EE_Dt","descriptor","libpadeldescriptor.CDK_DetourMatrixDescriptor"
657,"VE1_Dt","descriptor","libpadeldescriptor.CDK_DetourMatrixDescriptor"
658,"VE2_Dt","descriptor","libpadeldescriptor.CDK_DetourMatrixDescriptor"
659,"VE3_Dt","descriptor","libpadeldescriptor.CDK_DetourMatrixDescriptor"
660,"VR1_Dt","descriptor","libpadeldescriptor.CDK_DetourMatrixDescriptor"
661,"VR2_Dt","descriptor","libpadeldescriptor.CDK_DetourMatrixDescriptor"
662,"VR3_Dt","descriptor","libpadeldescriptor.CDK_DetourMatrixDescriptor"
663,"ECCEN","descriptor","libpadeldescriptor.CDK_EccentricConnectivityIndexDescriptor"
664,"nHBd","descriptor","libpadeldescriptor.CDK_EStateAtomTypeDescriptor"
665,"nwHBd","descriptor","libpadeldescriptor.CDK_EStateAtomTypeDescriptor"
666,"nHBa","descriptor","libpadeldescriptor.CDK_EStateAtomTypeDescriptor"
667,"nwHBa","descriptor","libpadeldescriptor.CDK_EStateAtomTypeDescriptor"
668,"nHBint2","descriptor","libpadeldescriptor.CDK_EStateAtomTypeDescriptor"
669,"nHBint3","descriptor","libpadeldescriptor.CDK_EStateAtomTypeDescriptor"
670,"nHBint4","descriptor","libpadeldescriptor.CDK_EStateAtomTypeDescriptor"
671,"nHBint5","descriptor","libpadeldescriptor.CDK_EStateAtomTypeDescriptor"
672,"nHBint6","descriptor","libpadeldescriptor.CDK_EStateAtomTypeDescriptor"
673,"nHBint7","descriptor","libpadeldescriptor.CDK_EStateAtomTypeDescriptor"
674,"nHBint8","descriptor","libpadeldescriptor.CDK_EStateAtomTypeDescriptor"
675,"nHBint9","descriptor","libpadeldescriptor.CDK_EStateAtomTypeDescriptor"
676,"nHBint10","descriptor","libpadeldescriptor.CDK_EStateAtomTypeDescriptor"
677,"nHsOH","descriptor","libpadeldescriptor.CDK_EStateAtomTypeDescriptor"
678,"nHdNH","descriptor","libpadeldescriptor.CDK_EStateAtomTypeDescriptor"
679,"nHsSH","descriptor","libpadeldescriptor.CDK_EStateAtomTypeDescriptor"
680,"nHsNH2","descriptor","libpadeldescriptor.CDK_EStateAtomTypeDescriptor"
681,"nHssNH","descriptor","libpadeldescriptor.CDK_EStateAtomTypeDescriptor"
682,"nHaaNH","descriptor","libpadeldescriptor.CDK_EStateAtomTypeDescriptor"
683,"nHsNH3p","descriptor","libpadeldescriptor.CDK_EStateAtomTypeDescriptor"
684,"nHssNH2p","descriptor","libpadeldescriptor.CDK_EStateAtomTypeDescriptor"
685,"nHsssNHp","descriptor","libpadeldescriptor.CDK_EStateAtomTypeDescriptor"
686,"nHtCH","descriptor","libpadeldescriptor.CDK_EStateAtomTypeDescriptor"
687,"nHdCH2","descriptor","libpadeldescriptor.CDK_EStateAtomTypeDescriptor"
688,"nHdsCH","descriptor","libpadeldescriptor.CDK_EStateAtomTypeDescriptor"
689,"nHaaCH","descriptor","libpadeldescriptor.CDK_EStateAtomTypeDescriptor"
690,"nHCHnX","descriptor","libpadeldescriptor.CDK_EStateAtomTypeDescriptor"
691,"nHCsats","descriptor","libpadeldescriptor.CDK_EStateAtomTypeDescriptor"
692,"nHCsatu","descriptor","libpadeldescriptor.CDK_EStateAtomTypeDescriptor"
693,"nHAvin","descriptor","libpadeldescriptor.CDK_EStateAtomTypeDescriptor"
694,"nHother","descriptor","libpadeldescriptor.CDK_EStateAtomTypeDescriptor"
695,"nHmisc","descriptor","libpadeldescriptor.CDK_EStateAtomTypeDescriptor"
696,"nsLi","descriptor","libpadeldescriptor.CDK_EStateAtomTypeDescriptor"
697,"nssBe","descriptor","libpadeldescriptor.CDK_EStateAtomTypeDescriptor"
698,"nssssBem","descriptor","libpadeldescriptor.CDK_EStateAtomTypeDescriptor"
699,"nsBH2","descriptor","libpadeldescriptor.CDK_EStateAtomTypeDescriptor"
700,"nssBH","descriptor","libpadeldescriptor.CDK_EStateAtomTypeDescriptor"
701,"nsssB","descriptor","libpadeldescriptor.CDK_EStateAtomTypeDescriptor"
702,"nssssBm","descriptor","libpadeldescriptor.CDK_EStateAtomTypeDescriptor"
703,"nsCH3","descriptor","libpadeldescriptor.CDK_EStateAtomTypeDescriptor"
704,"ndCH2","descriptor","libpadeldescriptor.CDK_EStateAtomTypeDescriptor"
705,"nssCH2","descriptor","libpadeldescriptor.CDK_EStateAtomTypeDescriptor"
706,"ntCH","descriptor","libpadeldescriptor.CDK_EStateAtomTypeDescriptor"
707,"ndsCH","descriptor","libpadeldescriptor.CDK_EStateAtomTypeDescriptor"
708,"naaCH","descriptor","libpadeldescriptor.CDK_EStateAtomTypeDescriptor"
709,"nsssCH","descriptor","libpadeldescriptor.CDK_EStateAtomTypeDescriptor"
710,"nddC","descriptor","libpadeldescriptor.CDK_EStateAtomTypeDescriptor"
711,"ntsC","descriptor","libpadeldescriptor.CDK_EStateAtomTypeDescriptor"
712,"ndssC","descriptor","libpadeldescriptor.CDK_EStateAtomTypeDescriptor"
713,"naasC","descriptor","libpadeldescriptor.CDK_EStateAtomTypeDescriptor"
714,"naaaC","descriptor","libpadeldescriptor.CDK_EStateAtomTypeDescriptor"
715,"nssssC","descriptor","libpadeldescriptor.CDK_EStateAtomTypeDescriptor"
716,"nsNH3p","descriptor","libpadeldescriptor.CDK_EStateAtomTypeDescriptor"
717,"nsNH2","descriptor","libpadeldescriptor.CDK_EStateAtomTypeDescriptor"
718,"nssNH2p","descriptor","libpadeldescriptor.CDK_EStateAtomTypeDescriptor"
719,"ndNH","descriptor","libpadeldescriptor.CDK_EStateAtomTypeDescriptor"
720,"nssNH","descriptor","libpadeldescriptor.CDK_EStateAtomTypeDescriptor"
721,"naaNH","descriptor","libpadeldescriptor.CDK_EStateAtomTypeDescriptor"
722,"ntN","descriptor","libpadeldescriptor.CDK_EStateAtomTypeDescriptor"
723,"nsssNHp","descriptor","libpadeldescriptor.CDK_EStateAtomTypeDescriptor"
724,"ndsN","descriptor","libpadeldescriptor.CDK_EStateAtomTypeDescriptor"
725,"naaN","descriptor","libpadeldescriptor.CDK_EStateAtomTypeDescriptor"
726,"nsssN","descriptor","libpadeldescriptor.CDK_EStateAtomTypeDescriptor"
727,"nddsN","descriptor","libpadeldescriptor.CDK_EStateAtomTypeDescriptor"
728,"naasN","descriptor","libpadeldescriptor.CDK_EStateAtomTypeDescriptor"
729,"nssssNp","descriptor","libpadeldescriptor.CDK_EStateAtomTypeDescriptor"
730,"nsOH","descriptor","libpadeldescriptor.CDK_EStateAtomTypeDescriptor"
731,"ndO","descriptor","libpadeldescriptor.CDK_EStateAtomTypeDescriptor"
732,"nssO","descriptor","libpadeldescriptor.CDK_EStateAtomTypeDescriptor"
733,"naaO","descriptor","libpadeldescriptor.CDK_EStateAtomTypeDescriptor"
734,"naOm","descriptor","libpadeldescriptor.CDK_EStateAtomTypeDescriptor"
735,"nsOm","descriptor","libpadeldescriptor.CDK_EStateAtomTypeDescriptor"
736,"nsF","descriptor","libpadeldescriptor.CDK_EStateAtomTypeDescriptor"
737,"nsSiH3","descriptor","libpadeldescriptor.CDK_EStateAtomTypeDescriptor"
738,"nssSiH2","descriptor","libpadeldescriptor.CDK_EStateAtomTypeDescriptor"
739,"nsssSiH","descriptor","libpadeldescriptor.CDK_EStateAtomTypeDescriptor"
740,"nssssSi","descriptor","libpadeldescriptor.CDK_EStateAtomTypeDescriptor"
741,"nsPH2","descriptor","libpadeldescriptor.CDK_EStateAtomTypeDescriptor"
742,"nssPH","descriptor","libpadeldescriptor.CDK_EStateAtomTypeDescriptor"
743,"nsssP","descriptor","libpadeldescriptor.CDK_EStateAtomTypeDescriptor"
744,"ndsssP","descriptor","libpadeldescriptor.CDK_EStateAtomTypeDescriptor"
745,"nddsP","descriptor","libpadeldescriptor.CDK_EStateAtomTypeDescriptor"
746,"nsssssP","descriptor","libpadeldescriptor.CDK_EStateAtomTypeDescriptor"
747,"nsSH","descriptor","libpadeldescriptor.CDK_EStateAtomTypeDescriptor"
748,"ndS","descriptor","libpadeldescriptor.CDK_EStateAtomTypeDescriptor"
749,"nssS","descriptor","libpadeldescriptor.CDK_EStateAtomTypeDescriptor"
750,"naaS","descriptor","libpadeldescriptor.CDK_EStateAtomTypeDescriptor"
751,"ndssS","descriptor","libpadeldescriptor.CDK_EStateAtomTypeDescriptor"
752,"nddssS","descriptor","libpadeldescriptor.CDK_EStateAtomTypeDescriptor"
753,"nssssssS","descriptor","libpadeldescriptor.CDK_EStateAtomTypeDescriptor"
754,"nSm","descriptor","libpadeldescriptor.CDK_EStateAtomTypeDescriptor"
755,"nsCl","descriptor","libpadeldescriptor.CDK_EStateAtomTypeDescriptor"
756,"nsGeH3","descriptor","libpadeldescriptor.CDK_EStateAtomTypeDescriptor"
757,"nssGeH2","descriptor","libpadeldescriptor.CDK_EStateAtomTypeDescriptor"
758,"nsssGeH","descriptor","libpadeldescriptor.CDK_EStateAtomTypeDescriptor"
759,"nssssGe","descriptor","libpadeldescriptor.CDK_EStateAtomTypeDescriptor"
760,"nsAsH2","descriptor","libpadeldescriptor.CDK_EStateAtomTypeDescriptor"
761,"nssAsH","descriptor","libpadeldescriptor.CDK_EStateAtomTypeDescriptor"
762,"nsssAs","descriptor","libpadeldescriptor.CDK_EStateAtomTypeDescriptor"
763,"ndsssAs","descriptor","libpadeldescriptor.CDK_EStateAtomTypeDescriptor"
764,"nddsAs","descriptor","libpadeldescriptor.CDK_EStateAtomTypeDescriptor"
765,"nsssssAs","descriptor","libpadeldescriptor.CDK_EStateAtomTypeDescriptor"
766,"nsSeH","descriptor","libpadeldescriptor.CDK_EStateAtomTypeDescriptor"
767,"ndSe","descriptor","libpadeldescriptor.CDK_EStateAtomTypeDescriptor"
768,"nssSe","descriptor","libpadeldescriptor.CDK_EStateAtomTypeDescriptor"
769,"naaSe","descriptor","libpadeldescriptor.CDK_EStateAtomTypeDescriptor"
770,"ndssSe","descriptor","libpadeldescriptor.CDK_EStateAtomTypeDescriptor"
771,"nssssssSe","descriptor","libpadeldescriptor.CDK_EStateAtomTypeDescriptor"
772,"nddssSe","descriptor","libpadeldescriptor.CDK_EStateAtomTypeDescriptor"
773,"nsBr","descriptor","libpadeldescriptor.CDK_EStateAtomTypeDescriptor"
774,"nsSnH3","descriptor","libpadeldescriptor.CDK_EStateAtomTypeDescriptor"
775,"nssSnH2","descriptor","libpadeldescriptor.CDK_EStateAtomTypeDescriptor"
776,"nsssSnH","descriptor","libpadeldescriptor.CDK_EStateAtomTypeDescriptor"
777,"nssssSn","descriptor","libpadeldescriptor.CDK_EStateAtomTypeDescriptor"
778,"nsI","descriptor","libpadeldescriptor.CDK_EStateAtomTypeDescriptor"
779,"nsPbH3","descriptor","libpadeldescriptor.CDK_EStateAtomTypeDescriptor"
780,"nssPbH2","descriptor","libpadeldescriptor.CDK_EStateAtomTypeDescriptor"
781,"nsssPbH","descriptor","libpadeldescriptor.CDK_EStateAtomTypeDescriptor"
782,"nssssPb","descriptor","libpadeldescriptor.CDK_EStateAtomTypeDescriptor"
783,"SHBd","descriptor","libpadeldescriptor.CDK_EStateAtomTypeDescriptor"
784,"SwHBd","descriptor","libpadeldescriptor.CDK_EStateAtomTypeDescriptor"
785,"SHBa","descriptor","libpadeldescriptor.CDK_EStateAtomTypeDescriptor"
786,"SwHBa","descriptor","libpadeldescriptor.CDK_EStateAtomTypeDescriptor"
787,"SHBint2","descriptor","libpadeldescriptor.CDK_EStateAtomTypeDescriptor"
788,"SHBint3","descriptor","libpadeldescriptor.CDK_EStateAtomTypeDescriptor"
789,"SHBint4","descriptor","libpadeldescriptor.CDK_EStateAtomTypeDescriptor"
790,"SHBint5","descriptor","libpadeldescriptor.CDK_EStateAtomTypeDescriptor"
791,"SHBint6","descriptor","libpadeldescriptor.CDK_EStateAtomTypeDescriptor"
792,"SHBint7","descriptor","libpadeldescriptor.CDK_EStateAtomTypeDescriptor"
793,"SHBint8","descriptor","libpadeldescriptor.CDK_EStateAtomTypeDescriptor"
794,"SHBint9","descriptor","libpadeldescriptor.CDK_EStateAtomTypeDescriptor"
795,"SHBint10","descriptor","libpadeldescriptor.CDK_EStateAtomTypeDescriptor"
796,"SHsOH","descriptor","libpadeldescriptor.CDK_EStateAtomTypeDescriptor"
797,"SHdNH","descriptor","libpadeldescriptor.CDK_EStateAtomTypeDescriptor"
798,"SHsSH","descriptor","libpadeldescriptor.CDK_EStateAtomTypeDescriptor"
799,"SHsNH2","descriptor","libpadeldescriptor.CDK_EStateAtomTypeDescriptor"
800,"SHssNH","descriptor","libpadeldescriptor.CDK_EStateAtomTypeDescriptor"
801,"SHaaNH","descriptor","libpadeldescriptor.CDK_EStateAtomTypeDescriptor"
802,"SHsNH3p","descriptor","libpadeldescriptor.CDK_EStateAtomTypeDescriptor"
803,"SHssNH2p","descriptor","libpadeldescriptor.CDK_EStateAtomTypeDescriptor"
804,"SHsssNHp","descriptor","libpadeldescriptor.CDK_EStateAtomTypeDescriptor"
805,"SHtCH","descriptor","libpadeldescriptor.CDK_EStateAtomTypeDescriptor"
806,"SHdCH2","descriptor","libpadeldescriptor.CDK_EStateAtomTypeDescriptor"
807,"SHdsCH","descriptor","libpadeldescriptor.CDK_EStateAtomTypeDescriptor"
808,"SHaaCH","descriptor","libpadeldescriptor.CDK_EStateAtomTypeDescriptor"
809,"SHCHnX","descriptor","libpadeldescriptor.CDK_EStateAtomTypeDescriptor"
810,"SHCsats","descriptor","libpadeldescriptor.CDK_EStateAtomTypeDescriptor"
811,"SHCsatu","descriptor","libpadeldescriptor.CDK_EStateAtomTypeDescriptor"
812,"SHAvin","descriptor","libpadeldescriptor.CDK_EStateAtomTypeDescriptor"
813,"SHother","descriptor","libpadeldescriptor.CDK_EStateAtomTypeDescriptor"
814,"SHmisc","descriptor","libpadeldescriptor.CDK_EStateAtomTypeDescriptor"
815,"SsLi","descriptor","libpadeldescriptor.CDK_EStateAtomTypeDescriptor"
816,"SssBe","descriptor","libpadeldescriptor.CDK_EStateAtomTypeDescriptor"
817,"SssssBem","descriptor","libpadeldescriptor.CDK_EStateAtomTypeDescriptor"
818,"SsBH2","descriptor","libpadeldescriptor.CDK_EStateAtomTypeDescriptor"
819,"SssBH","descriptor","libpadeldescriptor.CDK_EStateAtomTypeDescriptor"
820,"SsssB","descriptor","libpadeldescriptor.CDK_EStateAtomTypeDescriptor"
821,"SssssBm","descriptor","libpadeldescriptor.CDK_EStateAtomTypeDescriptor"
822,"SsCH3","descriptor","libpadeldescriptor.CDK_EStateAtomTypeDescriptor"
823,"SdCH2","descriptor","libpadeldescriptor.CDK_EStateAtomTypeDescriptor"
824,"SssCH2","descriptor","libpadeldescriptor.CDK_EStateAtomTypeDescriptor"
825,"StCH","descriptor","libpadeldescriptor.CDK_EStateAtomTypeDescriptor"
826,"SdsCH","descriptor","libpadeldescriptor.CDK_EStateAtomTypeDescriptor"
827,"SaaCH","descriptor","libpadeldescriptor.CDK_EStateAtomTypeDescriptor"
828,"SsssCH","descriptor","libpadeldescriptor.CDK_EStateAtomTypeDescriptor"
829,"SddC","descriptor","libpadeldescriptor.CDK_EStateAtomTypeDescriptor"
830,"StsC","descriptor","libpadeldescriptor.CDK_EStateAtomTypeDescriptor"
831,"SdssC","descriptor","libpadeldescriptor.CDK_EStateAtomTypeDescriptor"
832,"SaasC","descriptor","libpadeldescriptor.CDK_EStateAtomTypeDescriptor"
833,"SaaaC","descriptor","libpadeldescriptor.CDK_EStateAtomTypeDescriptor"
834,"SssssC","descriptor","libpadeldescriptor.CDK_EStateAtomTypeDescriptor"
835,"SsNH3p","descriptor","libpadeldescriptor.CDK_EStateAtomTypeDescriptor"
836,"SsNH2","descriptor","libpadeldescriptor.CDK_EStateAtomTypeDescriptor"
837,"SssNH2p","descriptor","libpadeldescriptor.CDK_EStateAtomTypeDescriptor"
838,"SdNH","descriptor","libpadeldescriptor.CDK_EStateAtomTypeDescriptor"
839,"SssNH","descriptor","libpadeldescriptor.CDK_EStateAtomTypeDescriptor"
840,"SaaNH","descriptor","libpadeldescriptor.CDK_EStateAtomTypeDescriptor"
841,"StN","descriptor","libpadeldescriptor.CDK_EStateAtomTypeDescriptor"
842,"SsssNHp","descriptor","libpadeldescriptor.CDK_EStateAtomTypeDescriptor"
843,"SdsN","descriptor","libpadeldescriptor.CDK_EStateAtomTypeDescriptor"
844,"SaaN","descriptor","libpadeldescriptor.CDK_EStateAtomTypeDescriptor"
845,"SsssN","descriptor","libpadeldescriptor.CDK_EStateAtomTypeDescriptor"
846,"SddsN","descriptor","libpadeldescriptor.CDK_EStateAtomTypeDescriptor"
847,"SaasN","descriptor","libpadeldescriptor.CDK_EStateAtomTypeDescriptor"
848,"SssssNp","descriptor","libpadeldescriptor.CDK_EStateAtomTypeDescriptor"
849,"SsOH","descriptor","libpadeldescriptor.CDK_EStateAtomTypeDescriptor"
850,"SdO","descriptor","libpadeldescriptor.CDK_EStateAtomTypeDescriptor"
851,"SssO","descriptor","libpadeldescriptor.CDK_EStateAtomTypeDescriptor"
852,"SaaO","descriptor","libpadeldescriptor.CDK_EStateAtomTypeDescriptor"
853,"SaOm","descriptor","libpadeldescriptor.CDK_EStateAtomTypeDescriptor"
854,"SsOm","descriptor","libpadeldescriptor.CDK_EStateAtomTypeDescriptor"
855,"SsF","descriptor","libpadeldescriptor.CDK_EStateAtomTypeDescriptor"
856,"SsSiH3","descriptor","libpadeldescriptor.CDK_EStateAtomTypeDescriptor"
857,"SssSiH2","descriptor","libpadeldescriptor.CDK_EStateAtomTypeDescriptor"
858,"SsssSiH","descriptor","libpadeldescriptor.CDK_EStateAtomTypeDescriptor"
859,"SssssSi","descriptor","libpadeldescriptor.CDK_EStateAtomTypeDescriptor"
860,"SsPH2","descriptor","libpadeldescriptor.CDK_EStateAtomTypeDescriptor"
861,"SssPH","descriptor","libpadeldescriptor.CDK_EStateAtomTypeDescriptor"
862,"SsssP","descriptor","libpadeldescriptor.CDK_EStateAtomTypeDescriptor"
863,"SdsssP","descriptor","libpadeldescriptor.CDK_EStateAtomTypeDescriptor"
864,"SddsP","descriptor","libpadeldescriptor.CDK_EStateAtomTypeDescriptor"
865,"SsssssP","descriptor","libpadeldescriptor.CDK_EStateAtomTypeDescriptor"
866,"SsSH","descriptor","libpadeldescriptor.CDK_EStateAtomTypeDescriptor"
867,"SdS","descriptor","libpadeldescriptor.CDK_EStateAtomTypeDescriptor"
868,"SssS","descriptor","libpadeldescriptor.CDK_EStateAtomTypeDescriptor"
869,"SaaS","descriptor","libpadeldescriptor.CDK_EStateAtomTypeDescriptor"
870,"SdssS","descriptor","libpadeldescriptor.CDK_EStateAtomTypeDescriptor"
871,"SddssS","descriptor","libpadeldescriptor.CDK_EStateAtomTypeDescriptor"
872,"SssssssS","descriptor","libpadeldescriptor.CDK_EStateAtomTypeDescriptor"
873,"SSm","descriptor","libpadeldescriptor.CDK_EStateAtomTypeDescriptor"
874,"SsCl","descriptor","libpadeldescriptor.CDK_EStateAtomTypeDescriptor"
875,"SsGeH3","descriptor","libpadeldescriptor.CDK_EStateAtomTypeDescriptor"
876,"SssGeH2","descriptor","libpadeldescriptor.CDK_EStateAtomTypeDescriptor"
877,"SsssGeH","descriptor","libpadeldescriptor.CDK_EStateAtomTypeDescriptor"
878,"SssssGe","descriptor","libpadeldescriptor.CDK_EStateAtomTypeDescriptor"
879,"SsAsH2","descriptor","libpadeldescriptor.CDK_EStateAtomTypeDescriptor"
880,"SssAsH","descriptor","libpadeldescriptor.CDK_EStateAtomTypeDescriptor"
881,"SsssAs","descriptor","libpadeldescriptor.CDK_EStateAtomTypeDescriptor"
882,"SdsssAs","descriptor","libpadeldescriptor.CDK_EStateAtomTypeDescriptor"
883,"SddsAs","descriptor","libpadeldescriptor.CDK_EStateAtomTypeDescriptor"
884,"SsssssAs","descriptor","libpadeldescriptor.CDK_EStateAtomTypeDescriptor"
885,"SsSeH","descriptor","libpadeldescriptor.CDK_EStateAtomTypeDescriptor"
886,"SdSe","descriptor","libpadeldescriptor.CDK_EStateAtomTypeDescriptor"
887,"SssSe","descriptor","libpadeldescriptor.CDK_EStateAtomTypeDescriptor"
888,"SaaSe","descriptor","libpadeldescriptor.CDK_EStateAtomTypeDescriptor"
889,"SdssSe","descriptor","libpadeldescriptor.CDK_EStateAtomTypeDescriptor"
890,"SssssssSe","descriptor","libpadeldescriptor.CDK_EStateAtomTypeDescriptor"
891,"SddssSe","descriptor","libpadeldescriptor.CDK_EStateAtomTypeDescriptor"
892,"SsBr","descriptor","libpadeldescriptor.CDK_EStateAtomTypeDescriptor"
893,"SsSnH3","descriptor","libpadeldescriptor.CDK_EStateAtomTypeDescriptor"
894,"SssSnH2","descriptor","libpadeldescriptor.CDK_EStateAtomTypeDescriptor"
895,"SsssSnH","descriptor","libpadeldescriptor.CDK_EStateAtomTypeDescriptor"
896,"SssssSn","descriptor","libpadeldescriptor.CDK_EStateAtomTypeDescriptor"
897,"SsI","descriptor","libpadeldescriptor.CDK_EStateAtomTypeDescriptor"
898,"SsPbH3","descriptor","libpadeldescriptor.CDK_EStateAtomTypeDescriptor"
899,"SssPbH2","descriptor","libpadeldescriptor.CDK_EStateAtomTypeDescriptor"
900,"SsssPbH","descriptor","libpadeldescriptor.CDK_EStateAtomTypeDescriptor"
901,"SssssPb","descriptor","libpadeldescriptor.CDK_EStateAtomTypeDescriptor"
902,"minHBd","descriptor","libpadeldescriptor.CDK_EStateAtomTypeDescriptor"
903,"minwHBd","descriptor","libpadeldescriptor.CDK_EStateAtomTypeDescriptor"
904,"minHBa","descriptor","libpadeldescriptor.CDK_EStateAtomTypeDescriptor"
905,"minwHBa","descriptor","libpadeldescriptor.CDK_EStateAtomTypeDescriptor"
906,"minHBint2","descriptor","libpadeldescriptor.CDK_EStateAtomTypeDescriptor"
907,"minHBint3","descriptor","libpadeldescriptor.CDK_EStateAtomTypeDescriptor"
908,"minHBint4","descriptor","libpadeldescriptor.CDK_EStateAtomTypeDescriptor"
909,"minHBint5","descriptor","libpadeldescriptor.CDK_EStateAtomTypeDescriptor"
910,"minHBint6","descriptor","libpadeldescriptor.CDK_EStateAtomTypeDescriptor"
911,"minHBint7","descriptor","libpadeldescriptor.CDK_EStateAtomTypeDescriptor"
912,"minHBint8","descriptor","libpadeldescriptor.CDK_EStateAtomTypeDescriptor"
913,"minHBint9","descriptor","libpadeldescriptor.CDK_EStateAtomTypeDescriptor"
914,"minHBint10","descriptor","libpadeldescriptor.CDK_EStateAtomTypeDescriptor"
915,"minHsOH","descriptor","libpadeldescriptor.CDK_EStateAtomTypeDescriptor"
916,"minHdNH","descriptor","libpadeldescriptor.CDK_EStateAtomTypeDescriptor"
917,"minHsSH","descriptor","libpadeldescriptor.CDK_EStateAtomTypeDescriptor"
918,"minHsNH2","descriptor","libpadeldescriptor.CDK_EStateAtomTypeDescriptor"
919,"minHssNH","descriptor","libpadeldescriptor.CDK_EStateAtomTypeDescriptor"
920,"minHaaNH","descriptor","libpadeldescriptor.CDK_EStateAtomTypeDescriptor"
921,"minHsNH3p","descriptor","libpadeldescriptor.CDK_EStateAtomTypeDescriptor"
922,"minHssNH2p","descriptor","libpadeldescriptor.CDK_EStateAtomTypeDescriptor"
923,"minHsssNHp","descriptor","libpadeldescriptor.CDK_EStateAtomTypeDescriptor"
924,"minHtCH","descriptor","libpadeldescriptor.CDK_EStateAtomTypeDescriptor"
925,"minHdCH2","descriptor","libpadeldescriptor.CDK_EStateAtomTypeDescriptor"
926,"minHdsCH","descriptor","libpadeldescriptor.CDK_EStateAtomTypeDescriptor"
927,"minHaaCH","descriptor","libpadeldescriptor.CDK_EStateAtomTypeDescriptor"
928,"minHCHnX","descriptor","libpadeldescriptor.CDK_EStateAtomTypeDescriptor"
929,"minHCsats","descriptor","libpadeldescriptor.CDK_EStateAtomTypeDescriptor"
930,"minHCsatu","descriptor","libpadeldescriptor.CDK_EStateAtomTypeDescriptor"
931,"minHAvin","descriptor","libpadeldescriptor.CDK_EStateAtomTypeDescriptor"
932,"minHother","descriptor","libpadeldescriptor.CDK_EStateAtomTypeDescriptor"
933,"minHmisc","descriptor","libpadeldescriptor.CDK_EStateAtomTypeDescriptor"
934,"minsLi","descriptor","libpadeldescriptor.CDK_EStateAtomTypeDescriptor"
935,"minssBe","descriptor","libpadeldescriptor.CDK_EStateAtomTypeDescriptor"
936,"minssssBem","descriptor","libpadeldescriptor.CDK_EStateAtomTypeDescriptor"
937,"minsBH2","descriptor","libpadeldescriptor.CDK_EStateAtomTypeDescriptor"
938,"minssBH","descriptor","libpadeldescriptor.CDK_EStateAtomTypeDescriptor"
939,"minsssB","descriptor","libpadeldescriptor.CDK_EStateAtomTypeDescriptor"
940,"minssssBm","descriptor","libpadeldescriptor.CDK_EStateAtomTypeDescriptor"
941,"minsCH3","descriptor","libpadeldescriptor.CDK_EStateAtomTypeDescriptor"
942,"mindCH2","descriptor","libpadeldescriptor.CDK_EStateAtomTypeDescriptor"
943,"minssCH2","descriptor","libpadeldescriptor.CDK_EStateAtomTypeDescriptor"
944,"mintCH","descriptor","libpadeldescriptor.CDK_EStateAtomTypeDescriptor"
945,"mindsCH","descriptor","libpadeldescriptor.CDK_EStateAtomTypeDescriptor"
946,"minaaCH","descriptor","libpadeldescriptor.CDK_EStateAtomTypeDescriptor"
947,"minsssCH","descriptor","libpadeldescriptor.CDK_EStateAtomTypeDescriptor"
948,"minddC","descriptor","libpadeldescriptor.CDK_EStateAtomTypeDescriptor"
949,"mintsC","descriptor","libpadeldescriptor.CDK_EStateAtomTypeDescriptor"
950,"mindssC","descriptor","libpadeldescriptor.CDK_EStateAtomTypeDescriptor"
951,"minaasC","descriptor","libpadeldescriptor.CDK_EStateAtomTypeDescriptor"
952,"minaaaC","descriptor","libpadeldescriptor.CDK_EStateAtomTypeDescriptor"
953,"minssssC","descriptor","libpadeldescriptor.CDK_EStateAtomTypeDescriptor"
954,"minsNH3p","descriptor","libpadeldescriptor.CDK_EStateAtomTypeDescriptor"
955,"minsNH2","descriptor","libpadeldescriptor.CDK_EStateAtomTypeDescriptor"
956,"minssNH2p","descriptor","libpadeldescriptor.CDK_EStateAtomTypeDescriptor"
957,"mindNH","descriptor","libpadeldescriptor.CDK_EStateAtomTypeDescriptor"
958,"minssNH","descriptor","libpadeldescriptor.CDK_EStateAtomTypeDescriptor"
959,"minaaNH","descriptor","libpadeldescriptor.CDK_EStateAtomTypeDescriptor"
960,"mintN","descriptor","libpadeldescriptor.CDK_EStateAtomTypeDescriptor"
961,"minsssNHp","descriptor","libpadeldescriptor.CDK_EStateAtomTypeDescriptor"
962,"mindsN","descriptor","libpadeldescriptor.CDK_EStateAtomTypeDescriptor"
963,"minaaN","descriptor","libpadeldescriptor.CDK_EStateAtomTypeDescriptor"
964,"minsssN","descriptor","libpadeldescriptor.CDK_EStateAtomTypeDescriptor"
965,"minddsN","descriptor","libpadeldescriptor.CDK_EStateAtomTypeDescriptor"
966,"minaasN","descriptor","libpadeldescriptor.CDK_EStateAtomTypeDescriptor"
967,"minssssNp","descriptor","libpadeldescriptor.CDK_EStateAtomTypeDescriptor"
968,"minsOH","descriptor","libpadeldescriptor.CDK_EStateAtomTypeDescriptor"
969,"mindO","descriptor","libpadeldescriptor.CDK_EStateAtomTypeDescriptor"
970,"minssO","descriptor","libpadeldescriptor.CDK_EStateAtomTypeDescriptor"
971,"minaaO","descriptor","libpadeldescriptor.CDK_EStateAtomTypeDescriptor"
972,"minaOm","descriptor","libpadeldescriptor.CDK_EStateAtomTypeDescriptor"
973,"minsOm","descriptor","libpadeldescriptor.CDK_EStateAtomTypeDescriptor"
974,"minsF","descriptor","libpadeldescriptor.CDK_EStateAtomTypeDescriptor"
975,"minsSiH3","descriptor","libpadeldescriptor.CDK_EStateAtomTypeDescriptor"
976,"minssSiH2","descriptor","libpadeldescriptor.CDK_EStateAtomTypeDescriptor"
977,"minsssSiH","descriptor","libpadeldescriptor.CDK_EStateAtomTypeDescriptor"
978,"minssssSi","descriptor","libpadeldescriptor.CDK_EStateAtomTypeDescriptor"
979,"minsPH2","descriptor","libpadeldescriptor.CDK_EStateAtomTypeDescriptor"
980,"minssPH","descriptor","libpadeldescriptor.CDK_EStateAtomTypeDescriptor"
981,"minsssP","descriptor","libpadeldescriptor.CDK_EStateAtomTypeDescriptor"
982,"mindsssP","descriptor","libpadeldescriptor.CDK_EStateAtomTypeDescriptor"
983,"minddsP","descriptor","libpadeldescriptor.CDK_EStateAtomTypeDescriptor"
984,"minsssssP","descriptor","libpadeldescriptor.CDK_EStateAtomTypeDescriptor"
985,"minsSH","descriptor","libpadeldescriptor.CDK_EStateAtomTypeDescriptor"
986,"mindS","descriptor","libpadeldescriptor.CDK_EStateAtomTypeDescriptor"
987,"minssS","descriptor","libpadeldescriptor.CDK_EStateAtomTypeDescriptor"
988,"minaaS","descriptor","libpadeldescriptor.CDK_EStateAtomTypeDescriptor"
989,"mindssS","descriptor","libpadeldescriptor.CDK_EStateAtomTypeDescriptor"
990,"minddssS","descriptor","libpadeldescriptor.CDK_EStateAtomTypeDescriptor"
991,"minssssssS","descriptor","libpadeldescriptor.CDK_EStateAtomTypeDescriptor"
992,"minSm","descriptor","libpadeldescriptor.CDK_EStateAtomTypeDescriptor"
993,"minsCl","descriptor","libpadeldescriptor.CDK_EStateAtomTypeDescriptor"
994,"minsGeH3","descriptor","libpadeldescriptor.CDK_EStateAtomTypeDescriptor"
995,"minssGeH2","descriptor","libpadeldescriptor.CDK_EStateAtomTypeDescriptor"
996,"minsssGeH","descriptor","libpadeldescriptor.CDK_EStateAtomTypeDescriptor"
997,"minssssGe","descriptor","libpadeldescriptor.CDK_EStateAtomTypeDescriptor"
998,"minsAsH2","descriptor","libpadeldescriptor.CDK_EStateAtomTypeDescriptor"
999,"minssAsH","descriptor","libpadeldescriptor.CDK_EStateAtomTypeDescriptor"
1000,"minsssAs","descriptor","libpadeldescriptor.CDK_EStateAtomTypeDescriptor"
1001,"mindsssAs","descriptor","libpadeldescriptor.CDK_EStateAtomTypeDescriptor"
1002,"minddsAs","descriptor","libpadeldescriptor.CDK_EStateAtomTypeDescriptor"
1003,"minsssssAs","descriptor","libpadeldescriptor.CDK_EStateAtomTypeDescriptor"
1004,"minsSeH","descriptor","libpadeldescriptor.CDK_EStateAtomTypeDescriptor"
1005,"mindSe","descriptor","libpadeldescriptor.CDK_EStateAtomTypeDescriptor"
1006,"minssSe","descriptor","libpadeldescriptor.CDK_EStateAtomTypeDescriptor"
1007,"minaaSe","descriptor","libpadeldescriptor.CDK_EStateAtomTypeDescriptor"
1008,"mindssSe","descriptor","libpadeldescriptor.CDK_EStateAtomTypeDescriptor"
1009,"minssssssSe","descriptor","libpadeldescriptor.CDK_EStateAtomTypeDescriptor"
1010,"minddssSe","descriptor","libpadeldescriptor.CDK_EStateAtomTypeDescriptor"
1011,"minsBr","descriptor","libpadeldescriptor.CDK_EStateAtomTypeDescriptor"
1012,"minsSnH3","descriptor","libpadeldescriptor.CDK_EStateAtomTypeDescriptor"
1013,"minssSnH2","descriptor","libpadeldescriptor.CDK_EStateAtomTypeDescriptor"
1014,"minsssSnH","descriptor","libpadeldescriptor.CDK_EStateAtomTypeDescriptor"
1015,"minssssSn","descriptor","libpadeldescriptor.CDK_EStateAtomTypeDescriptor"
1016,"minsI","descriptor","libpadeldescriptor.CDK_EStateAtomTypeDescriptor"
1017,"minsPbH3","descriptor","libpadeldescriptor.CDK_EStateAtomTypeDescriptor"
1018,"minssPbH2","descriptor","libpadeldescriptor.CDK_EStateAtomTypeDescriptor"
1019,"minsssPbH","descriptor","libpadeldescriptor.CDK_EStateAtomTypeDescriptor"
1020,"minssssPb","descriptor","libpadeldescriptor.CDK_EStateAtomTypeDescriptor"
1021,"maxHBd","descriptor","libpadeldescriptor.CDK_EStateAtomTypeDescriptor"
1022,"maxwHBd","descriptor","libpadeldescriptor.CDK_EStateAtomTypeDescriptor"
1023,"maxHBa","descriptor","libpadeldescriptor.CDK_EStateAtomTypeDescriptor"
1024,"maxwHBa","descriptor","libpadeldescriptor.CDK_EStateAtomTypeDescriptor"
1025,"maxHBint2","descriptor","libpadeldescriptor.CDK_EStateAtomTypeDescriptor"
1026,"maxHBint3","descriptor","libpadeldescriptor.CDK_EStateAtomTypeDescriptor"
1027,"maxHBint4","descriptor","libpadeldescriptor.CDK_EStateAtomTypeDescriptor"
1028,"maxHBint5","descriptor","libpadeldescriptor.CDK_EStateAtomTypeDescriptor"
1029,"maxHBint6","descriptor","libpadeldescriptor.CDK_EStateAtomTypeDescriptor"
1030,"maxHBint7","descriptor","libpadeldescriptor.CDK_EStateAtomTypeDescriptor"
1031,"maxHBint8","descriptor","libpadeldescriptor.CDK_EStateAtomTypeDescriptor"
1032,"maxHBint9","descriptor","libpadeldescriptor.CDK_EStateAtomTypeDescriptor"
1033,"maxHBint10","descriptor","libpadeldescriptor.CDK_EStateAtomTypeDescriptor"
1034,"maxHsOH","descriptor","libpadeldescriptor.CDK_EStateAtomTypeDescriptor"
1035,"maxHdNH","descriptor","libpadeldescriptor.CDK_EStateAtomTypeDescriptor"
1036,"maxHsSH","descriptor","libpadeldescriptor.CDK_EStateAtomTypeDescriptor"
1037,"maxHsNH2","descriptor","libpadeldescriptor.CDK_EStateAtomTypeDescriptor"
1038,"maxHssNH","descriptor","libpadeldescriptor.CDK_EStateAtomTypeDescriptor"
1039,"maxHaaNH","descriptor","libpadeldescriptor.CDK_EStateAtomTypeDescriptor"
1040,"maxHsNH3p","descriptor","libpadeldescriptor.CDK_EStateAtomTypeDescriptor"
1041,"maxHssNH2p","descriptor","libpadeldescriptor.CDK_EStateAtomTypeDescriptor"
1042,"maxHsssNHp","descriptor","libpadeldescriptor.CDK_EStateAtomTypeDescriptor"
1043,"maxHtCH","descriptor","libpadeldescriptor.CDK_EStateAtomTypeDescriptor"
1044,"maxHdCH2","descriptor","libpadeldescriptor.CDK_EStateAtomTypeDescriptor"
1045,"maxHdsCH","descriptor","libpadeldescriptor.CDK_EStateAtomTypeDescriptor"
1046,"maxHaaCH","descriptor","libpadeldescriptor.CDK_EStateAtomTypeDescriptor"
1047,"maxHCHnX","descriptor","libpadeldescriptor.CDK_EStateAtomTypeDescriptor"
1048,"maxHCsats","descriptor","libpadeldescriptor.CDK_EStateAtomTypeDescriptor"
1049,"maxHCsatu","descriptor","libpadeldescriptor.CDK_EStateAtomTypeDescriptor"
1050,"maxHAvin","descriptor","libpadeldescriptor.CDK_EStateAtomTypeDescriptor"
1051,"maxHother","descriptor","libpadeldescriptor.CDK_EStateAtomTypeDescriptor"
1052,"maxHmisc","descriptor","libpadeldescriptor.CDK_EStateAtomTypeDescriptor"
1053,"maxsLi","descriptor","libpadeldescriptor.CDK_EStateAtomTypeDescriptor"
1054,"maxssBe","descriptor","libpadeldescriptor.CDK_EStateAtomTypeDescriptor"
1055,"maxssssBem","descriptor","libpadeldescriptor.CDK_EStateAtomTypeDescriptor"
1056,"maxsBH2","descriptor","libpadeldescriptor.CDK_EStateAtomTypeDescriptor"
1057,"maxssBH","descriptor","libpadeldescriptor.CDK_EStateAtomTypeDescriptor"
1058,"maxsssB","descriptor","libpadeldescriptor.CDK_EStateAtomTypeDescriptor"
1059,"maxssssBm","descriptor","libpadeldescriptor.CDK_EStateAtomTypeDescriptor"
1060,"maxsCH3","descriptor","libpadeldescriptor.CDK_EStateAtomTypeDescriptor"
1061,"maxdCH2","descriptor","libpadeldescriptor.CDK_EStateAtomTypeDescriptor"
1062,"maxssCH2","descriptor","libpadeldescriptor.CDK_EStateAtomTypeDescriptor"
1063,"maxtCH","descriptor","libpadeldescriptor.CDK_EStateAtomTypeDescriptor"
1064,"maxdsCH","descriptor","libpadeldescriptor.CDK_EStateAtomTypeDescriptor"
1065,"maxaaCH","descriptor","libpadeldescriptor.CDK_EStateAtomTypeDescriptor"
1066,"maxsssCH","descriptor","libpadeldescriptor.CDK_EStateAtomTypeDescriptor"
1067,"maxddC","descriptor","libpadeldescriptor.CDK_EStateAtomTypeDescriptor"
1068,"maxtsC","descriptor","libpadeldescriptor.CDK_EStateAtomTypeDescriptor"
1069,"maxdssC","descriptor","libpadeldescriptor.CDK_EStateAtomTypeDescriptor"
1070,"maxaasC","descriptor","libpadeldescriptor.CDK_EStateAtomTypeDescriptor"
1071,"maxaaaC","descriptor","libpadeldescriptor.CDK_EStateAtomTypeDescriptor"
1072,"maxssssC","descriptor","libpadeldescriptor.CDK_EStateAtomTypeDescriptor"
1073,"maxsNH3p","descriptor","libpadeldescriptor.CDK_EStateAtomTypeDescriptor"
1074,"maxsNH2","descriptor","libpadeldescriptor.CDK_EStateAtomTypeDescriptor"
1075,"maxssNH2p","descriptor","libpadeldescriptor.CDK_EStateAtomTypeDescriptor"
1076,"maxdNH","descriptor","libpadeldescriptor.CDK_EStateAtomTypeDescriptor"
1077,"maxssNH","descriptor","libpadeldescriptor.CDK_EStateAtomTypeDescriptor"
1078,"maxaaNH","descriptor","libpadeldescriptor.CDK_EStateAtomTypeDescriptor"
1079,"maxtN","descriptor","libpadeldescriptor.CDK_EStateAtomTypeDescriptor"
1080,"maxsssNHp","descriptor","libpadeldescriptor.CDK_EStateAtomTypeDescriptor"
1081,"maxdsN","descriptor","libpadeldescriptor.CDK_EStateAtomTypeDescriptor"
1082,"maxaaN","descriptor","libpadeldescriptor.CDK_EStateAtomTypeDescriptor"
1083,"maxsssN","descriptor","libpadeldescriptor.CDK_EStateAtomTypeDescriptor"
1084,"maxddsN","descriptor","libpadeldescriptor.CDK_EStateAtomTypeDescriptor"
1085,"maxaasN","descriptor","libpadeldescriptor.CDK_EStateAtomTypeDescriptor"
1086,"maxssssNp","descriptor","libpadeldescriptor.CDK_EStateAtomTypeDescriptor"
1087,"maxsOH","descriptor","libpadeldescriptor.CDK_EStateAtomTypeDescriptor"
1088,"maxdO","descriptor","libpadeldescriptor.CDK_EStateAtomTypeDescriptor"
1089,"maxssO","descriptor","libpadeldescriptor.CDK_EStateAtomTypeDescriptor"
1090,"maxaaO","descriptor","libpadeldescriptor.CDK_EStateAtomTypeDescriptor"
1091,"maxaOm","descriptor","libpadeldescriptor.CDK_EStateAtomTypeDescriptor"
1092,"maxsOm","descriptor","libpadeldescriptor.CDK_EStateAtomTypeDescriptor"
1093,"maxsF","descriptor","libpadeldescriptor.CDK_EStateAtomTypeDescriptor"
1094,"maxsSiH3","descriptor","libpadeldescriptor.CDK_EStateAtomTypeDescriptor"
1095,"maxssSiH2","descriptor","libpadeldescriptor.CDK_EStateAtomTypeDescriptor"
1096,"maxsssSiH","descriptor","libpadeldescriptor.CDK_EStateAtomTypeDescriptor"
1097,"maxssssSi","descriptor","libpadeldescriptor.CDK_EStateAtomTypeDescriptor"
1098,"maxsPH2","descriptor","libpadeldescriptor.CDK_EStateAtomTypeDescriptor"
1099,"maxssPH","descriptor","libpadeldescriptor.CDK_EStateAtomTypeDescriptor"
1100,"maxsssP","descriptor","libpadeldescriptor.CDK_EStateAtomTypeDescriptor"
1101,"maxdsssP","descriptor","libpadeldescriptor.CDK_EStateAtomTypeDescriptor"
1102,"maxddsP","descriptor","libpadeldescriptor.CDK_EStateAtomTypeDescriptor"
1103,"maxsssssP","descriptor","libpadeldescriptor.CDK_EStateAtomTypeDescriptor"
1104,"maxsSH","descriptor","libpadeldescriptor.CDK_EStateAtomTypeDescriptor"
1105,"maxdS","descriptor","libpadeldescriptor.CDK_EStateAtomTypeDescriptor"
1106,"maxssS","descriptor","libpadeldescriptor.CDK_EStateAtomTypeDescriptor"
1107,"maxaaS","descriptor","libpadeldescriptor.CDK_EStateAtomTypeDescriptor"
1108,"maxdssS","descriptor","libpadeldescriptor.CDK_EStateAtomTypeDescriptor"
1109,"maxddssS","descriptor","libpadeldescriptor.CDK_EStateAtomTypeDescriptor"
1110,"maxssssssS","descriptor","libpadeldescriptor.CDK_EStateAtomTypeDescriptor"
1111,"maxSm","descriptor","libpadeldescriptor.CDK_EStateAtomTypeDescriptor"
1112,"maxsCl","descriptor","libpadeldescriptor.CDK_EStateAtomTypeDescriptor"
1113,"maxsGeH3","descriptor","libpadeldescriptor.CDK_EStateAtomTypeDescriptor"
1114,"maxssGeH2","descriptor","libpadeldescriptor.CDK_EStateAtomTypeDescriptor"
1115,"maxsssGeH","descriptor","libpadeldescriptor.CDK_EStateAtomTypeDescriptor"
1116,"maxssssGe","descriptor","libpadeldescriptor.CDK_EStateAtomTypeDescriptor"
1117,"maxsAsH2","descriptor","libpadeldescriptor.CDK_EStateAtomTypeDescriptor"
1118,"maxssAsH","descriptor","libpadeldescriptor.CDK_EStateAtomTypeDescriptor"
1119,"maxsssAs","descriptor","libpadeldescriptor.CDK_EStateAtomTypeDescriptor"
1120,"maxdsssAs","descriptor","libpadeldescriptor.CDK_EStateAtomTypeDescriptor"
1121,"maxddsAs","descriptor","libpadeldescriptor.CDK_EStateAtomTypeDescriptor"
1122,"maxsssssAs","descriptor","libpadeldescriptor.CDK_EStateAtomTypeDescriptor"
1123,"maxsSeH","descriptor","libpadeldescriptor.CDK_EStateAtomTypeDescriptor"
1124,"maxdSe","descriptor","libpadeldescriptor.CDK_EStateAtomTypeDescriptor"
1125,"maxssSe","descriptor","libpadeldescriptor.CDK_EStateAtomTypeDescriptor"
1126,"maxaaSe","descriptor","libpadeldescriptor.CDK_EStateAtomTypeDescriptor"
1127,"maxdssSe","descriptor","libpadeldescriptor.CDK_EStateAtomTypeDescriptor"
1128,"maxssssssSe","descriptor","libpadeldescriptor.CDK_EStateAtomTypeDescriptor"
1129,"maxddssSe","descriptor","libpadeldescriptor.CDK_EStateAtomTypeDescriptor"
1130,"maxsBr","descriptor","libpadeldescriptor.CDK_EStateAtomTypeDescriptor"
1131,"maxsSnH3","descriptor","libpadeldescriptor.CDK_EStateAtomTypeDescriptor"
1132,"maxssSnH2","descriptor","libpadeldescriptor.CDK_EStateAtomTypeDescriptor"
1133,"maxsssSnH","descriptor","libpadeldescriptor.CDK_EStateAtomTypeDescriptor"
1134,"maxssssSn","descriptor","libpadeldescriptor.CDK_EStateAtomTypeDescriptor"
1135,"maxsI","descriptor","libpadeldescriptor.CDK_EStateAtomTypeDescriptor"
1136,"maxsPbH3","descriptor","libpadeldescriptor.CDK_EStateAtomTypeDescriptor"
1137,"maxssPbH2","descriptor","libpadeldescriptor.CDK_EStateAtomTypeDescriptor"
1138,"maxsssPbH","descriptor","libpadeldescriptor.CDK_EStateAtomTypeDescriptor"
1139,"maxssssPb","descriptor","libpadeldescriptor.CDK_EStateAtomTypeDescriptor"
1140,"sumI","descriptor","libpadeldescriptor.CDK_EStateAtomTypeDescriptor"
1141,"meanI","descriptor","libpadeldescriptor.CDK_EStateAtomTypeDescriptor"
1142,"hmax","descriptor","libpadeldescriptor.CDK_EStateAtomTypeDescriptor"
1143,"gmax","descriptor","libpadeldescriptor.CDK_EStateAtomTypeDescriptor"
1144,"hmin","descriptor","libpadeldescriptor.CDK_EStateAtomTypeDescriptor"
1145,"gmin","descriptor","libpadeldescriptor.CDK_EStateAtomTypeDescriptor"
1146,"LipoaffinityIndex","descriptor","libpadeldescriptor.CDK_EStateAtomTypeDescriptor"
1147,"MAXDN","descriptor","libpadeldescriptor.CDK_EStateAtomTypeDescriptor"
1148,"MAXDP","descriptor","libpadeldescriptor.CDK_EStateAtomTypeDescriptor"
1149,"DELS","descriptor","libpadeldescriptor.CDK_EStateAtomTypeDescriptor"
1150,"MAXDN2","descriptor","libpadeldescriptor.CDK_EStateAtomTypeDescriptor"
1151,"MAXDP2","descriptor","libpadeldescriptor.CDK_EStateAtomTypeDescriptor"
1152,"DELS2","descriptor","libpadeldescriptor.CDK_EStateAtomTypeDescriptor"
1153,"ETA_Alpha","descriptor","libpadeldescriptor.CDK_ExtendedTopochemicalAtomDescriptor"
1154,"ETA_AlphaP","descriptor","libpadeldescriptor.CDK_ExtendedTopochemicalAtomDescriptor"
1155,"ETA_dAlpha_A","descriptor","libpadeldescriptor.CDK_ExtendedTopochemicalAtomDescriptor"
1156,"ETA_dAlpha_B","descriptor","libpadeldescriptor.CDK_ExtendedTopochemicalAtomDescriptor"
1157,"ETA_Epsilon_1","descriptor","libpadeldescriptor.CDK_ExtendedTopochemicalAtomDescriptor"
1158,"ETA_Epsilon_2","descriptor","libpadeldescriptor.CDK_ExtendedTopochemicalAtomDescriptor"
1159,"ETA_Epsilon_3","descriptor","libpadeldescriptor.CDK_ExtendedTopochemicalAtomDescriptor"
1160,"ETA_Epsilon_4","descriptor","libpadeldescriptor.CDK_ExtendedTopochemicalAtomDescriptor"
1161,"ETA_Epsilon_5","descriptor","libpadeldescriptor.CDK_ExtendedTopochemicalAtomDescriptor"
1162,"ETA_dEpsilon_A","descriptor","libpadeldescriptor.CDK_ExtendedTopochemicalAtomDescriptor"
1163,"ETA_dEpsilon_B","descriptor","libpadeldescriptor.CDK_ExtendedTopochemicalAtomDescriptor"
1164,"ETA_dEpsilon_C","descriptor","libpadeldescriptor.CDK_ExtendedTopochemicalAtomDescriptor"
1165,"ETA_dEpsilon_D","descriptor","libpadeldescriptor.CDK_ExtendedTopochemicalAtomDescriptor"
1166,"ETA_Psi_1","descriptor","libpadeldescriptor.CDK_ExtendedTopochemicalAtomDescriptor"
1167,"ETA_dPsi_A","descriptor","libpadeldescriptor.CDK_ExtendedTopochemicalAtomDescriptor"
1168,"ETA_dPsi_B","descriptor","libpadeldescriptor.CDK_ExtendedTopochemicalAtomDescriptor"
1169,"ETA_Shape_P","descriptor","libpadeldescriptor.CDK_ExtendedTopochemicalAtomDescriptor"
1170,"ETA_Shape_Y","descriptor","libpadeldescriptor.CDK_ExtendedTopochemicalAtomDescriptor"
1171,"ETA_Shape_X","descriptor","libpadeldescriptor.CDK_ExtendedTopochemicalAtomDescriptor"
1172,"ETA_Beta","descriptor","libpadeldescriptor.CDK_ExtendedTopochemicalAtomDescriptor"
1173,"ETA_BetaP","descriptor","libpadeldescriptor.CDK_ExtendedTopochemicalAtomDescriptor"
1174,"ETA_Beta_s","descriptor","libpadeldescriptor.CDK_ExtendedTopochemicalAtomDescriptor"
1175,"ETA_BetaP_s","descriptor","libpadeldescriptor.CDK_ExtendedTopochemicalAtomDescriptor"
1176,"ETA_Beta_ns","descriptor","libpadeldescriptor.CDK_ExtendedTopochemicalAtomDescriptor"
1177,"ETA_BetaP_ns","descriptor","libpadeldescriptor.CDK_ExtendedTopochemicalAtomDescriptor"
1178,"ETA_dBeta","descriptor","libpadeldescriptor.CDK_ExtendedTopochemicalAtomDescriptor"
1179,"ETA_dBetaP","descriptor","libpadeldescriptor.CDK_ExtendedTopochemicalAtomDescriptor"
1180,"ETA_Beta_ns_d","descriptor","libpadeldescriptor.CDK_ExtendedTopochemicalAtomDescriptor"
1181,"ETA_BetaP_ns_d","descriptor","libpadeldescriptor.CDK_ExtendedTopochemicalAtomDescriptor"
1182,"ETA_Eta","descriptor","libpadeldescriptor.CDK_ExtendedTopochemicalAtomDescriptor"
1183,"ETA_EtaP","descriptor","libpadeldescriptor.CDK_ExtendedTopochemicalAtomDescriptor"
1184,"ETA_Eta_R","descriptor","libpadeldescriptor.CDK_ExtendedTopochemicalAtomDescriptor"
1185,"ETA_Eta_F","descriptor","libpadeldescriptor.CDK_ExtendedTopochemicalAtomDescriptor"
1186,"ETA_EtaP_F","descriptor","libpadeldescriptor.CDK_ExtendedTopochemicalAtomDescriptor"
1187,"ETA_Eta_L","descriptor","libpadeldescriptor.CDK_ExtendedTopochemicalAtomDescriptor"
1188,"ETA_EtaP_L","descriptor","libpadeldescriptor.CDK_ExtendedTopochemicalAtomDescriptor"
1189,"ETA_Eta_R_L","descriptor","libpadeldescriptor.CDK_ExtendedTopochemicalAtomDescriptor"
1190,"ETA_Eta_F_L","descriptor","libpadeldescriptor.CDK_ExtendedTopochemicalAtomDescriptor"
1191,"ETA_EtaP_F_L","descriptor","libpadeldescriptor.CDK_ExtendedTopochemicalAtomDescriptor"
1192,"ETA_Eta_B","descriptor","libpadeldescriptor.CDK_ExtendedTopochemicalAtomDescriptor"
1193,"ETA_EtaP_B","descriptor","libpadeldescriptor.CDK_ExtendedTopochemicalAtomDescriptor"
1194,"ETA_Eta_B_RC","descriptor","libpadeldescriptor.CDK_ExtendedTopochemicalAtomDescriptor"
1195,"ETA_EtaP_B_RC","descriptor","libpadeldescriptor.CDK_ExtendedTopochemicalAtomDescriptor"
1196,"FMF","descriptor","libpadeldescriptor.CDK_FMFDescriptor"
1197,"fragC","descriptor","libpadeldescriptor.CDK_FragmentComplexityDescriptor"
1198,"nHBAcc","descriptor","libpadeldescriptor.CDK_HBondAcceptorCountDescriptor"
1199,"nHBAcc2","descriptor","libpadeldescriptor.CDK_HBondAcceptorCountDescriptor"
1200,"nHBAcc3","descriptor","libpadeldescriptor.CDK_HBondAcceptorCountDescriptor"
1201,"nHBAcc_Lipinski","descriptor","libpadeldescriptor.CDK_HBondAcceptorCountDescriptor"
1202,"nHBDon","descriptor","libpadeldescriptor.CDK_HBondDonorCountDescriptor"
1203,"nHBDon_Lipinski","descriptor","libpadeldescriptor.CDK_HBondDonorCountDescriptor"
1204,"HybRatio","descriptor","libpadeldescriptor.CDK_HybridizationRatioDescriptor"
1205,"IC0","descriptor","libpadeldescriptor.CDK_InformationContentDescriptor"
1206,"IC1","descriptor","libpadeldescriptor.CDK_InformationContentDescriptor"
1207,"IC2","descriptor","libpadeldescriptor.CDK_InformationContentDescriptor"
1208,"IC3","descriptor","libpadeldescriptor.CDK_InformationContentDescriptor"
1209,"IC4","descriptor","libpadeldescriptor.CDK_InformationContentDescriptor"
1210,"IC5","descriptor","libpadeldescriptor.CDK_InformationContentDescriptor"
1211,"TIC0","descriptor","libpadeldescriptor.CDK_InformationContentDescriptor"
1212,"TIC1","descriptor","libpadeldescriptor.CDK_InformationContentDescriptor"
1213,"TIC2","descriptor","libpadeldescriptor.CDK_InformationContentDescriptor"
1214,"TIC3","descriptor","libpadeldescriptor.CDK_InformationContentDescriptor"
1215,"TIC4","descriptor","libpadeldescriptor.CDK_InformationContentDescriptor"
1216,"TIC5","descriptor","libpadeldescriptor.CDK_InformationContentDescriptor"
1217,"SIC0","descriptor","libpadeldescriptor.CDK_InformationContentDescriptor"
1218,"SIC1","descriptor","libpadeldescriptor.CDK_InformationContentDescriptor"
1219,"SIC2","descriptor","libpadeldescriptor.CDK_InformationContentDescriptor"
1220,"SIC3","descriptor","libpadeldescriptor.CDK_InformationContentDescriptor"
1221,"SIC4","descriptor","libpadeldescriptor.CDK_InformationContentDescriptor"
1222,"SIC5","descriptor","libpadeldescriptor.CDK_InformationContentDescriptor"
1223,"CIC0","descriptor","libpadeldescriptor.CDK_InformationContentDescriptor"
1224,"CIC1","descriptor","libpadeldescriptor.CDK_InformationContentDescriptor"
1225,"CIC2","descriptor","libpadeldescriptor.CDK_InformationContentDescriptor"
1226,"CIC3","descriptor","libpadeldescriptor.CDK_InformationContentDescriptor"
1227,"CIC4","descriptor","libpadeldescriptor.CDK_InformationContentDescriptor"
1228,"CIC5","descriptor","libpadeldescriptor.CDK_InformationContentDescriptor"
1229,"BIC0","descriptor","libpadeldescriptor.CDK_InformationContentDescriptor"
1230,"BIC1","descriptor","libpadeldescriptor.CDK_InformationContentDescriptor"
1231,"BIC2","descriptor","libpadeldescriptor.CDK_InformationContentDescriptor"
1232,"BIC3","descriptor","libpadeldescriptor.CDK_InformationContentDescriptor"
1233,"BIC4","descriptor","libpadeldescriptor.CDK_InformationContentDescriptor"
1234,"BIC5","descriptor","libpadeldescriptor.CDK_InformationContentDescriptor"
1235,"MIC0","descriptor","libpadeldescriptor.CDK_InformationContentDescriptor"
1236,"MIC1","descriptor","libpadeldescriptor.CDK_InformationContentDescriptor"
1237,"MIC2","descriptor","libpadeldescriptor.CDK_InformationContentDescriptor"
1238,"MIC3","descriptor","libpadeldescriptor.CDK_InformationContentDescriptor"
1239,"MIC4","descriptor","libpadeldescriptor.CDK_InformationContentDescriptor"
1240,"MIC5","descriptor","libpadeldescriptor.CDK_InformationContentDescriptor"
1241,"ZMIC0","descriptor","libpadeldescriptor.CDK_InformationContentDescriptor"
1242,"ZMIC1","descriptor","libpadeldescriptor.CDK_InformationContentDescriptor"
1243,"ZMIC2","descriptor","libpadeldescriptor.CDK_InformationContentDescriptor"
1244,"ZMIC3","descriptor","libpadeldescriptor.CDK_InformationContentDescriptor"
1245,"ZMIC4","descriptor","libpadeldescriptor.CDK_InformationContentDescriptor"
1246,"ZMIC5","descriptor","libpadeldescriptor.CDK_InformationContentDescriptor"
1247,"Kier1","descriptor","libpadeldescriptor.CDK_KappaShapeIndicesDescriptor"
1248,"Kier2","descriptor","libpadeldescriptor.CDK_KappaShapeIndicesDescriptor"
1249,"Kier3","descriptor","libpadeldescriptor.CDK_KappaShapeIndicesDescriptor"
1250,"khs.sLi","descriptor","libpadeldescriptor.CDK_KierHallSmartsDescriptor"
1251,"khs.ssBe","descriptor","libpadeldescriptor.CDK_KierHallSmartsDescriptor"
1252,"khs.ssssBe","descriptor","libpadeldescriptor.CDK_KierHallSmartsDescriptor"
1253,"khs.ssBH","descriptor","libpadeldescriptor.CDK_KierHallSmartsDescriptor"
1254,"khs.sssB","descriptor","libpadeldescriptor.CDK_KierHallSmartsDescriptor"
1255,"khs.ssssB","descriptor","libpadeldescriptor.CDK_KierHallSmartsDescriptor"
1256,"khs.sCH3","descriptor","libpadeldescriptor.CDK_KierHallSmartsDescriptor"
1257,"khs.dCH2","descriptor","libpadeldescriptor.CDK_KierHallSmartsDescriptor"
1258,"khs.ssCH2","descriptor","libpadeldescriptor.CDK_KierHallSmartsDescriptor"
1259,"khs.tCH","descriptor","libpadeldescriptor.CDK_KierHallSmartsDescriptor"
1260,"khs.dsCH","descriptor","libpadeldescriptor.CDK_KierHallSmartsDescriptor"
1261,"khs.aaCH","descriptor","libpadeldescriptor.CDK_KierHallSmartsDescriptor"
1262,"khs.sssCH","descriptor","libpadeldescriptor.CDK_KierHallSmartsDescriptor"
1263,"khs.ddC","descriptor","libpadeldescriptor.CDK_KierHallSmartsDescriptor"
1264,"khs.tsC","descriptor","libpadeldescriptor.CDK_KierHallSmartsDescriptor"
1265,"khs.dssC","descriptor","libpadeldescriptor.CDK_KierHallSmartsDescriptor"
1266,"khs.aasC","descriptor","libpadeldescriptor.CDK_KierHallSmartsDescriptor"
1267,"khs.aaaC","descriptor","libpadeldescriptor.CDK_KierHallSmartsDescriptor"
1268,"khs.ssssC","descriptor","libpadeldescriptor.CDK_KierHallSmartsDescriptor"
1269,"khs.sNH3","descriptor","libpadeldescriptor.CDK_KierHallSmartsDescriptor"
1270,"khs.sNH2","descriptor","libpadeldescriptor.CDK_KierHallSmartsDescriptor"
1271,"khs.ssNH2","descriptor","libpadeldescriptor.CDK_KierHallSmartsDescriptor"
1272,"khs.dNH","descriptor","libpadeldescriptor.CDK_KierHallSmartsDescriptor"
1273,"khs.ssNH","descriptor","libpadeldescriptor.CDK_KierHallSmartsDescriptor"
1274,"khs.aaNH","descriptor","libpadeldescriptor.CDK_KierHallSmartsDescriptor"
1275,"khs.tN","descriptor","libpadeldescriptor.CDK_KierHallSmartsDescriptor"
1276,"khs.sssNH","descriptor","libpadeldescriptor.CDK_KierHallSmartsDescriptor"
1277,"khs.dsN","descriptor","libpadeldescriptor.CDK_KierHallSmartsDescriptor"
1278,"khs.aaN","descriptor","libpadeldescriptor.CDK_KierHallSmartsDescriptor"
1279,"khs.sssN","descriptor","libpadeldescriptor.CDK_KierHallSmartsDescriptor"
1280,"khs.ddsN","descriptor","libpadeldescriptor.CDK_KierHallSmartsDescriptor"
1281,"khs.aasN","descriptor","libpadeldescriptor.CDK_KierHallSmartsDescriptor"
1282,"khs.ssssN","descriptor","libpadeldescriptor.CDK_KierHallSmartsDescriptor"
1283,"khs.sOH","descriptor","libpadeldescriptor.CDK_KierHallSmartsDescriptor"
1284,"khs.dO","descriptor","libpadeldescriptor.CDK_KierHallSmartsDescriptor"
1285,"khs.ssO","descriptor","libpadeldescriptor.CDK_KierHallSmartsDescriptor"
1286,"khs.aaO","descriptor","libpadeldescriptor.CDK_KierHallSmartsDescriptor"
1287,"khs.sF","descriptor","libpadeldescriptor.CDK_KierHallSmartsDescriptor"
1288,"khs.sSiH3","descriptor","libpadeldescriptor.CDK_KierHallSmartsDescriptor"
1289,"khs.ssSiH2","descriptor","libpadeldescriptor.CDK_KierHallSmartsDescriptor"
1290,"khs.sssSiH","descriptor","libpadeldescriptor.CDK_KierHallSmartsDescriptor"
1291,"khs.ssssSi","descriptor","libpadeldescriptor.CDK_KierHallSmartsDescriptor"
1292,"khs.sPH2","descriptor","libpadeldescriptor.CDK_KierHallSmartsDescriptor"
1293,"khs.ssPH","descriptor","libpadeldescriptor.CDK_KierHallSmartsDescriptor"
1294,"khs.sssP","descriptor","libpadeldescriptor.CDK_KierHallSmartsDescriptor"
1295,"khs.dsssP","descriptor","libpadeldescriptor.CDK_KierHallSmartsDescriptor"
1296,"khs.sssssP","descriptor","libpadeldescriptor.CDK_KierHallSmartsDescriptor"
1297,"khs.sSH","descriptor","libpadeldescriptor.CDK_KierHallSmartsDescriptor"
1298,"khs.dS","descriptor","libpadeldescriptor.CDK_KierHallSmartsDescriptor"
1299,"khs.ssS","descriptor","libpadeldescriptor.CDK_KierHallSmartsDescriptor"
1300,"khs.aaS","descriptor","libpadeldescriptor.CDK_KierHallSmartsDescriptor"
1301,"khs.dssS","descriptor","libpadeldescriptor.CDK_KierHallSmartsDescriptor"
1302,"khs.ddssS","descriptor","libpadeldescriptor.CDK_KierHallSmartsDescriptor"
1303,"khs.sCl","descriptor","libpadeldescriptor.CDK_KierHallSmartsDescriptor"
1304,"khs.sGeH3","descriptor","libpadeldescriptor.CDK_KierHallSmartsDescriptor"
1305,"khs.ssGeH2","descriptor","libpadeldescriptor.CDK_KierHallSmartsDescriptor"
1306,"khs.sssGeH","descriptor","libpadeldescriptor.CDK_KierHallSmartsDescriptor"
1307,"khs.ssssGe","descriptor","libpadeldescriptor.CDK_KierHallSmartsDescriptor"
1308,"khs.sAsH2","descriptor","libpadeldescriptor.CDK_KierHallSmartsDescriptor"
1309,"khs.ssAsH","descriptor","libpadeldescriptor.CDK_KierHallSmartsDescriptor"
1310,"khs.sssAs","descriptor","libpadeldescriptor.CDK_KierHallSmartsDescriptor"
1311,"khs.sssdAs","descriptor","libpadeldescriptor.CDK_KierHallSmartsDescriptor"
1312,"khs.sssssAs","descriptor","libpadeldescriptor.CDK_KierHallSmartsDescriptor"
1313,"khs.sSeH","descriptor","libpadeldescriptor.CDK_KierHallSmartsDescriptor"
1314,"khs.dSe","descriptor","libpadeldescriptor.CDK_KierHallSmartsDescriptor"
1315,"khs.ssSe","descriptor","libpadeldescriptor.CDK_KierHallSmartsDescriptor"
1316,"khs.aaSe","descriptor","libpadeldescriptor.CDK_KierHallSmartsDescriptor"
1317,"khs.dssSe","descriptor","libpadeldescriptor.CDK_KierHallSmartsDescriptor"
1318,"khs.ddssSe","descriptor","libpadeldescriptor.CDK_KierHallSmartsDescriptor"
1319,"khs.sBr","descriptor","libpadeldescriptor.CDK_KierHallSmartsDescriptor"
1320,"khs.sSnH3","descriptor","libpadeldescriptor.CDK_KierHallSmartsDescriptor"
1321,"khs.ssSnH2","descriptor","libpadeldescriptor.CDK_KierHallSmartsDescriptor"
1322,"khs.sssSnH","descriptor","libpadeldescriptor.CDK_KierHallSmartsDescriptor"
1323,"khs.ssssSn","descriptor","libpadeldescriptor.CDK_KierHallSmartsDescriptor"
1324,"khs.sI","descriptor","libpadeldescriptor.CDK_KierHallSmartsDescriptor"
1325,"khs.sPbH3","descriptor","libpadeldescriptor.CDK_KierHallSmartsDescriptor"
1326,"khs.ssPbH2","descriptor","libpadeldescriptor.CDK_KierHallSmartsDescriptor"
1327,"khs.sssPbH","descriptor","libpadeldescriptor.CDK_KierHallSmartsDescriptor"
1328,"khs.ssssPb","descriptor","libpadeldescriptor.CDK_KierHallSmartsDescriptor"
1329,"nAtomLC","descriptor","libpadeldescriptor.CDK_LargestChainDescriptor"
1330,"nAtomP","descriptor","libpadeldescriptor.CDK_LargestPiSystemDescriptor"
1331,"nAtomLAC","descriptor","libpadeldescriptor.CDK_LongestAliphaticChainDescriptor"
1332,"MLogP","descriptor","libpadeldescriptor.CDK_MannholdLogPDescriptor"
1333,"McGowan_Volume","descriptor","libpadeldescriptor.CDK_McGowanVolumeDescriptor"
1334,"MDEC-11","descriptor","libpadeldescriptor.CDK_MDEDescriptor"
1335,"MDEC-12","descriptor","libpadeldescriptor.CDK_MDEDescriptor"
1336,"MDEC-13","descriptor","libpadeldescriptor.CDK_MDEDescriptor"
1337,"MDEC-14","descriptor","libpadeldescriptor.CDK_MDEDescriptor"
1338,"MDEC-22","descriptor","libpadeldescriptor.CDK_MDEDescriptor"
1339,"MDEC-23","descriptor","libpadeldescriptor.CDK_MDEDescriptor"
1340,"MDEC-24","descriptor","libpadeldescriptor.CDK_MDEDescriptor"
1341,"MDEC-33","descriptor","libpadeldescriptor.CDK_MDEDescriptor"
1342,"MDEC-34","descriptor","libpadeldescriptor.CDK_MDEDescriptor"
1343,"MDEC-44","descriptor","libpadeldescriptor.CDK_MDEDescriptor"
1344,"MDEO-11","descriptor","libpadeldescriptor.CDK_MDEDescriptor"
1345,"MDEO-12","descriptor","libpadeldescriptor.CDK_MDEDescriptor"
1346,"MDEO-22","descriptor","libpadeldescriptor.CDK_MDEDescriptor"
1347,"MDEN-11","descriptor","libpadeldescriptor.CDK_MDEDescriptor"
1348,"MDEN-12","descriptor","libpadeldescriptor.CDK_MDEDescriptor"
1349,"MDEN-13","descriptor","libpadeldescriptor.CDK_MDEDescriptor"
1350,"MDEN-22","descriptor","libpadeldescriptor.CDK_MDEDescriptor"
1351,"MDEN-23","descriptor","libpadeldescriptor.CDK_MDEDescriptor"
1352,"MDEN-33","descriptor","libpadeldescriptor.CDK_MDEDescriptor"
1353,"MLFER_A","descriptor","libpadeldescriptor.CDK_MLFERDescriptor"
1354,"MLFER_BH","descriptor","libpadeldescriptor.CDK_MLFERDescriptor"
1355,"MLFER_BO","descriptor","libpadeldescriptor.CDK_MLFERDescriptor"
1356,"MLFER_S","descriptor","libpadeldescriptor.CDK_MLFERDescriptor"
1357,"MLFER_E","descriptor","libpadeldescriptor.CDK_MLFERDescriptor"
1358,"MLFER_L","descriptor","libpadeldescriptor.CDK_MLFERDescriptor"
1359,"MPC2","descriptor","libpadeldescriptor.CDK_PathCountDescriptor"
1360,"MPC3","descriptor","libpadeldescriptor.CDK_PathCountDescriptor"
1361,"MPC4","descriptor","libpadeldescriptor.CDK_PathCountDescriptor"
1362,"MPC5","descriptor","libpadeldescriptor.CDK_PathCountDescriptor"
1363,"MPC6","descriptor","libpadeldescriptor.CDK_PathCountDescriptor"
1364,"MPC7","descriptor","libpadeldescriptor.CDK_PathCountDescriptor"
1365,"MPC8","descriptor","libpadeldescriptor.CDK_PathCountDescriptor"
1366,"MPC9","descriptor","libpadeldescriptor.CDK_PathCountDescriptor"
1367,"MPC10","descriptor","libpadeldescriptor.CDK_PathCountDescriptor"
1368,"TPC","descriptor","libpadeldescriptor.CDK_PathCountDescriptor"
1369,"piPC1","descriptor","libpadeldescriptor.CDK_PathCountDescriptor"
1370,"piPC2","descriptor","libpadeldescriptor.CDK_PathCountDescriptor"
1371,"piPC3","descriptor","libpadeldescriptor.CDK_PathCountDescriptor"
1372,"piPC4","descriptor","libpadeldescriptor.CDK_PathCountDescriptor"
1373,"piPC5","descriptor","libpadeldescriptor.CDK_PathCountDescriptor"
1374,"piPC6","descriptor","libpadeldescriptor.CDK_PathCountDescriptor"
1375,"piPC7","descriptor","libpadeldescriptor.CDK_PathCountDescriptor"
1376,"piPC8","descriptor","libpadeldescriptor.CDK_PathCountDescriptor"
1377,"piPC9","descriptor","libpadeldescriptor.CDK_PathCountDescriptor"
1378,"piPC10","descriptor","libpadeldescriptor.CDK_PathCountDescriptor"
1379,"TpiPC","descriptor","libpadeldescriptor.CDK_PathCountDescriptor"
1380,"R_TpiPCTPC","descriptor","libpadeldescriptor.CDK_PathCountDescriptor"
1381,"PetitjeanNumber","descriptor","libpadeldescriptor.CDK_PetitjeanNumberDescriptor"
1382,"nRing","descriptor","libpadeldescriptor.CDK_RingCountDescriptor"
1383,"n3Ring","descriptor","libpadeldescriptor.CDK_RingCountDescriptor"
1384,"n4Ring","descriptor","libpadeldescriptor.CDK_RingCountDescriptor"
1385,"n5Ring","descriptor","libpadeldescriptor.CDK_RingCountDescriptor"
1386,"n6Ring","descriptor","libpadeldescriptor.CDK_RingCountDescriptor"
1387,"n7Ring","descriptor","libpadeldescriptor.CDK_RingCountDescriptor"
1388,"n8Ring","descriptor","libpadeldescriptor.CDK_RingCountDescriptor"
1389,"n9Ring","descriptor","libpadeldescriptor.CDK_RingCountDescriptor"
1390,"n10Ring","descriptor","libpadeldescriptor.CDK_RingCountDescriptor"
1391,"n11Ring","descriptor","libpadeldescriptor.CDK_RingCountDescriptor"
1392,"n12Ring","descriptor","libpadeldescriptor.CDK_RingCountDescriptor"
1393,"nG12Ring","descriptor","libpadeldescriptor.CDK_RingCountDescriptor"
1394,"nFRing","descriptor","libpadeldescriptor.CDK_RingCountDescriptor"
1395,"nF4Ring","descriptor","libpadeldescriptor.CDK_RingCountDescriptor"
1396,"nF5Ring","descriptor","libpadeldescriptor.CDK_RingCountDescriptor"
1397,"nF6Ring","descriptor","libpadeldescriptor.CDK_RingCountDescriptor"
1398,"nF7Ring","descriptor","libpadeldescriptor.CDK_RingCountDescriptor"
1399,"nF8Ring","descriptor","libpadeldescriptor.CDK_RingCountDescriptor"
1400,"nF9Ring","descriptor","libpadeldescriptor.CDK_RingCountDescriptor"
1401,"nF10Ring","descriptor","libpadeldescriptor.CDK_RingCountDescriptor"
1402,"nF11Ring","descriptor","libpadeldescriptor.CDK_RingCountDescriptor"
1403,"nF12Ring","descriptor","libpadeldescriptor.CDK_RingCountDescriptor"
1404,"nFG12Ring","descriptor","libpadeldescriptor.CDK_RingCountDescriptor"
1405,"nTRing","descriptor","libpadeldescriptor.CDK_RingCountDescriptor"
1406,"nT4Ring","descriptor","libpadeldescriptor.CDK_RingCountDescriptor"
1407,"nT5Ring","descriptor","libpadeldescriptor.CDK_RingCountDescriptor"
1408,"nT6Ring","descriptor","libpadeldescriptor.CDK_RingCountDescriptor"
1409,"nT7Ring","descriptor","libpadeldescriptor.CDK_RingCountDescriptor"
1410,"nT8Ring","descriptor","libpadeldescriptor.CDK_RingCountDescriptor"
1411,"nT9Ring","descriptor","libpadeldescriptor.CDK_RingCountDescriptor"
1412,"nT10Ring","descriptor","libpadeldescriptor.CDK_RingCountDescriptor"
1413,"nT11Ring","descriptor","libpadeldescriptor.CDK_RingCountDescriptor"
1414,"nT12Ring","descriptor","libpadeldescriptor.CDK_RingCountDescriptor"
1415,"nTG12Ring","descriptor","libpadeldescriptor.CDK_RingCountDescriptor"
1416,"nHeteroRing","descriptor","libpadeldescriptor.CDK_RingCountDescriptor"
1417,"n3HeteroRing","descriptor","libpadeldescriptor.CDK_RingCountDescriptor"
1418,"n4HeteroRing","descriptor","libpadeldescriptor.CDK_RingCountDescriptor"
1419,"n5HeteroRing","descriptor","libpadeldescriptor.CDK_RingCountDescriptor"
1420,"n6HeteroRing","descriptor","libpadeldescriptor.CDK_RingCountDescriptor"
1421,"n7HeteroRing","descriptor","libpadeldescriptor.CDK_RingCountDescriptor"
1422,"n8HeteroRing","descriptor","libpadeldescriptor.CDK_RingCountDescriptor"
1423,"n9HeteroRing","descriptor","libpadeldescriptor.CDK_RingCountDescriptor"
1424,"n10HeteroRing","descriptor","libpadeldescriptor.CDK_RingCountDescriptor"
1425,"n11HeteroRing","descriptor","libpadeldescriptor.CDK_RingCountDescriptor"
1426,"n12HeteroRing","descriptor","libpadeldescriptor.CDK_RingCountDescriptor"
1427,"nG12HeteroRing","descriptor","libpadeldescriptor.CDK_RingCountDescriptor"
1428,"nFHeteroRing","descriptor","libpadeldescriptor.CDK_RingCountDescriptor"
1429,"nF4HeteroRing","descriptor","libpadeldescriptor.CDK_RingCountDescriptor"
1430,"nF5HeteroRing","descriptor","libpadeldescriptor.CDK_RingCountDescriptor"
1431,"nF6HeteroRing","descriptor","libpadeldescriptor.CDK_RingCountDescriptor"
1432,"nF7HeteroRing","descriptor","libpadeldescriptor.CDK_RingCountDescriptor"
1433,"nF8HeteroRing","descriptor","libpadeldescriptor.CDK_RingCountDescriptor"
1434,"nF9HeteroRing","descriptor","libpadeldescriptor.CDK_RingCountDescriptor"
1435,"nF10HeteroRing","descriptor","libpadeldescriptor.CDK_RingCountDescriptor"
1436,"nF11HeteroRing","descriptor","libpadeldescriptor.CDK_RingCountDescriptor"
1437,"nF12HeteroRing","descriptor","libpadeldescriptor.CDK_RingCountDescriptor"
1438,"nFG12HeteroRing","descriptor","libpadeldescriptor.CDK_RingCountDescriptor"
1439,"nTHeteroRing","descriptor","libpadeldescriptor.CDK_RingCountDescriptor"
1440,"nT4HeteroRing","descriptor","libpadeldescriptor.CDK_RingCountDescriptor"
1441,"nT5HeteroRing","descriptor","libpadeldescriptor.CDK_RingCountDescriptor"
1442,"nT6HeteroRing","descriptor","libpadeldescriptor.CDK_RingCountDescriptor"
1443,"nT7HeteroRing","descriptor","libpadeldescriptor.CDK_RingCountDescriptor"
1444,"nT8HeteroRing","descriptor","libpadeldescriptor.CDK_RingCountDescriptor"
1445,"nT9HeteroRing","descriptor","libpadeldescriptor.CDK_RingCountDescriptor"
1446,"nT10HeteroRing","descriptor","libpadeldescriptor.CDK_RingCountDescriptor"
1447,"nT11HeteroRing","descriptor","libpadeldescriptor.CDK_RingCountDescriptor"
1448,"nT12HeteroRing","descriptor","libpadeldescriptor.CDK_RingCountDescriptor"
1449,"nTG12HeteroRing","descriptor","libpadeldescriptor.CDK_RingCountDescriptor"
1450,"nRotB","descriptor","libpadeldescriptor.CDK_RotatableBondsCountDescriptor"
1451,"RotBFrac","descriptor","libpadeldescriptor.CDK_RotatableBondsCountDescriptor"
1452,"nRotBt","descriptor","libpadeldescriptor.CDK_RotatableBondsCountDescriptor"
1453,"RotBtFrac","descriptor","libpadeldescriptor.CDK_RotatableBondsCountDescriptor"
1454,"LipinskiFailures","descriptor","libpadeldescriptor.CDK_RuleOfFiveDescriptor"
1455,"topoRadius","descriptor","libpadeldescriptor.CDK_TopologicalDescriptor"
1456,"topoDiameter","descriptor","libpadeldescriptor.CDK_TopologicalDescriptor"
1457,"topoShape","descriptor","libpadeldescriptor.CDK_TopologicalDescriptor"
1458,"GGI1","descriptor","libpadeldescriptor.CDK_TopologicalChargeDescriptor"
1459,"GGI2","descriptor","libpadeldescriptor.CDK_TopologicalChargeDescriptor"
1460,"GGI3","descriptor","libpadeldescriptor.CDK_TopologicalChargeDescriptor"
1461,"GGI4","descriptor","libpadeldescriptor.CDK_TopologicalChargeDescriptor"
1462,"GGI5","descriptor","libpadeldescriptor.CDK_TopologicalChargeDescriptor"
1463,"GGI6","descriptor","libpadeldescriptor.CDK_TopologicalChargeDescriptor"
1464,"GGI7","descriptor","libpadeldescriptor.CDK_TopologicalChargeDescriptor"
1465,"GGI8","descriptor","libpadeldescriptor.CDK_TopologicalChargeDescriptor"
1466,"GGI9","descriptor","libpadeldescriptor.CDK_TopologicalChargeDescriptor"
1467,"GGI10","descriptor","libpadeldescriptor.CDK_TopologicalChargeDescriptor"
1468,"JGI1","descriptor","libpadeldescriptor.CDK_TopologicalChargeDescriptor"
1469,"JGI2","descriptor","libpadeldescriptor.CDK_TopologicalChargeDescriptor"
1470,"JGI3","descriptor","libpadeldescriptor.CDK_TopologicalChargeDescriptor"
1471,"JGI4","descriptor","libpadeldescriptor.CDK_TopologicalChargeDescriptor"
1472,"JGI5","descriptor","libpadeldescriptor.CDK_TopologicalChargeDescriptor"
1473,"JGI6","descriptor","libpadeldescriptor.CDK_TopologicalChargeDescriptor"
1474,"JGI7","descriptor","libpadeldescriptor.CDK_TopologicalChargeDescriptor"
1475,"JGI8","descriptor","libpadeldescriptor.CDK_TopologicalChargeDescriptor"
1476,"JGI9","descriptor","libpadeldescriptor.CDK_TopologicalChargeDescriptor"
1477,"JGI10","descriptor","libpadeldescriptor.CDK_TopologicalChargeDescriptor"
1478,"JGT","descriptor","libpadeldescriptor.CDK_TopologicalChargeDescriptor"
1479,"SpMax_D","descriptor","libpadeldescriptor.CDK_TopologicalDistanceMatrixDescriptor"
1480,"SpDiam_D","descriptor","libpadeldescriptor.CDK_TopologicalDistanceMatrixDescriptor"
1481,"SpAD_D","descriptor","libpadeldescriptor.CDK_TopologicalDistanceMatrixDescriptor"
1482,"SpMAD_D","descriptor","libpadeldescriptor.CDK_TopologicalDistanceMatrixDescriptor"
1483,"EE_D","descriptor","libpadeldescriptor.CDK_TopologicalDistanceMatrixDescriptor"
1484,"VE1_D","descriptor","libpadeldescriptor.CDK_TopologicalDistanceMatrixDescriptor"
1485,"VE2_D","descriptor","libpadeldescriptor.CDK_TopologicalDistanceMatrixDescriptor"
1486,"VE3_D","descriptor","libpadeldescriptor.CDK_TopologicalDistanceMatrixDescriptor"
1487,"VR1_D","descriptor","libpadeldescriptor.CDK_TopologicalDistanceMatrixDescriptor"
1488,"VR2_D","descriptor","libpadeldescriptor.CDK_TopologicalDistanceMatrixDescriptor"
1489,"VR3_D","descriptor","libpadeldescriptor.CDK_TopologicalDistanceMatrixDescriptor"
1490,"TopoPSA","descriptor","libpadeldescriptor.CDK_TPSADescriptor"
1491,"VABC","descriptor","libpadeldescriptor.CDK_VABCDescriptor"
1492,"VAdjMat","descriptor","libpadeldescriptor.CDK_VAdjMaDescriptor"
1493,"MWC2","descriptor","libpadeldescriptor.CDK_WalkCountDescriptor"
1494,"MWC3","descriptor","libpadeldescriptor.CDK_WalkCountDescriptor"
1495,"MWC4","descriptor","libpadeldescriptor.CDK_WalkCountDescriptor"
1496,"MWC5","descriptor","libpadeldescriptor.CDK_WalkCountDescriptor"
1497,"MWC6","descriptor","libpadeldescriptor.CDK_WalkCountDescriptor"
1498,"MWC7","descriptor","libpadeldescriptor.CDK_WalkCountDescriptor"
1499,"MWC8","descriptor","libpadeldescriptor.CDK_WalkCountDescriptor"
1500,"MWC9","descriptor","libpadeldescriptor.CDK_WalkCountDescriptor"
1501,"MWC10","descriptor","libpadeldescriptor.CDK_WalkCountDescriptor"
1502,"TWC","descriptor","libpadeldescriptor.CDK_WalkCountDescriptor"
1503,"SRW2","descriptor","libpadeldescriptor.CDK_WalkCountDescriptor"
1504,"SRW3","descriptor","libpadeldescriptor.CDK_WalkCountDescriptor"
1505,"SRW4","descriptor","libpadeldescriptor.CDK_WalkCountDescriptor"
1506,"SRW5","descriptor","libpadeldescriptor.CDK_WalkCountDescriptor"
1507,"SRW6","descriptor","libpadeldescriptor.CDK_WalkCountDescriptor"
1508,"SRW7","descriptor","libpadeldescriptor.CDK_WalkCountDescriptor"
1509,"SRW8","descriptor","libpadeldescriptor.CDK_WalkCountDescriptor"
1510,"SRW9","descriptor","libpadeldescriptor.CDK_WalkCountDescriptor"
1511,"SRW10","descriptor","libpadeldescriptor.CDK_WalkCountDescriptor"
1512,"TSRW","descriptor","libpadeldescriptor.CDK_WalkCountDescriptor"
1513,"MW","descriptor","libpadeldescriptor.CDK_WeightDescriptor"
1514,"AMW","descriptor","libpadeldescriptor.CDK_WeightDescriptor"
1515,"WTPT-1","descriptor","libpadeldescriptor.CDK_WeightedPathDescriptor"
1516,"WTPT-2","descriptor","libpadeldescriptor.CDK_WeightedPathDescriptor"
1517,"WTPT-3","descriptor","libpadeldescriptor.CDK_WeightedPathDescriptor"
1518,"WTPT-4","descriptor","libpadeldescriptor.CDK_WeightedPathDescriptor"
1519,"WTPT-5","descriptor","libpadeldescriptor.CDK_WeightedPathDescriptor"
1520,"WPATH","descriptor","libpadeldescriptor.CDK_WienerNumbersDescriptor"
1521,"WPOL","descriptor","libpadeldescriptor.CDK_WienerNumbersDescriptor"
1522,"XLogP","descriptor","libpadeldescriptor.CDK_XLogPDescriptor"
1523,"Zagreb","descriptor","libpadeldescriptor.CDK_ZagrebIndexDescriptor"
